fecha,Demanda real
2019-01-01,23459.0
2019-01-02,23083.58333333333
2019-01-03,29587.32638888889
2019-01-04,31287.3125
2019-01-05,31500.98611111111
2019-01-06,28435.444444444445
2019-01-07,26137.430555555555
2019-01-08,30404.347222222223
2019-01-09,33604.78472222222
2019-01-10,33613.083333333336
2019-01-11,34053.819444444445
2019-01-12,34446.305555555555
2019-01-13,30544.83333333333
2019-01-14,28633.25
2019-01-15,33250.75
2019-01-16,33585.04861111111
2019-01-17,33702.3125
2019-01-18,33819.743055555555
2019-01-19,33784.59027777778
2019-01-20,30411.590277777777
2019-01-21,28017.70833333333
2019-01-22,33164.86111111111
2019-01-23,34490.67361111111
2019-01-24,34054.458333333336
2019-01-25,33370.708333333336
2019-01-26,32418.375
2019-01-27,28623.95138888889
2019-01-28,26982.64583333333
2019-01-29,32256.305555555555
2019-01-30,32991.76388888889
2019-01-31,33091.28057553957
2019-02-01,28746.166666666668
2019-02-02,32269.5
2019-02-03,29439.23611111111
2019-02-04,27697.597222222223
2019-02-05,33005.916666666664
2019-02-06,32839.055555555555
2019-02-07,32217.027777777777
2019-02-08,31949.6875
2019-02-09,31561.27083333333
2019-02-10,28335.70833333333
2019-02-11,26614.04861111111
2019-02-12,30986.45833333333
2019-02-13,31700.555555555555
2019-02-14,31494.82638888889
2019-02-15,31356.625
2019-02-16,31161.472222222223
2019-02-17,27737.5
2019-02-18,25882.57638888889
2019-02-19,30919.92361111111
2019-02-20,31271.222222222223
2019-02-21,31078.034722222223
2019-02-22,31044.4375
2019-02-23,30420.916666666668
2019-02-24,27083.847222222223
2019-02-25,25060.243055555555
2019-02-26,29763.555555555555
2019-02-27,30067.33333333333
2019-02-28,30102.80575539568
2019-03-01,26574.5
2019-03-02,29601.631944444445
2019-03-03,26507.972222222223
2019-03-04,24531.67361111111
2019-03-05,28977.944444444445
2019-03-06,29655.5
2019-03-07,30463.055555555555
2019-03-08,30047.215277777777
2019-03-09,29543.215277777777
2019-03-10,26303.222222222223
2019-03-11,24187.04861111111
2019-03-12,28647.3125
2019-03-13,29339.006944444445
2019-03-14,29766.618055555555
2019-03-15,29700.743055555555
2019-03-16,29117.39583333333
2019-03-17,25917.993055555555
2019-03-18,24158.70138888889
2019-03-19,28062.840277777777
2019-03-20,27803.840277777777
2019-03-21,29741.5625
2019-03-22,29909.51388888889
2019-03-23,29557.51388888889
2019-03-24,26279.33333333333
2019-03-25,24134.3125
2019-03-26,28382.6875
2019-03-27,28998.152777777777
2019-03-28,29041.291666666668
2019-03-29,29037.430555555555
2019-03-30,28950.58333333333
2019-03-31,26026.043165467625
2019-04-01,23744.0
2019-04-02,29031.11111111111
2019-04-03,29413.090277777777
2019-04-04,29472.284722222223
2019-04-05,29633.3125
2019-04-06,30119.729166666668
2019-04-07,26790.347222222223
2019-04-08,25117.23611111111
2019-04-09,29717.57638888889
2019-04-10,30161.027777777777
2019-04-11,30039.07638888889
2019-04-12,29872.70833333333
2019-04-13,29134.26388888889
2019-04-14,25767.527777777777
2019-04-15,23876.694444444445
2019-04-16,28024.368055555555
2019-04-17,28141.006944444445
2019-04-18,27820.409722222223
2019-04-19,24773.63888888889
2019-04-20,22829.944444444445
2019-04-21,23418.555555555555
2019-04-22,22564.3125
2019-04-23,24570.33333333333
2019-04-24,27213.604166666668
2019-04-25,29017.631944444445
2019-04-26,28963.118055555555
2019-04-27,28243.95833333333
2019-04-28,24787.659722222223
2019-04-29,22412.729166666668
2019-04-30,27019.22556390977
2019-05-01,23705.916666666668
2019-05-02,22824.95833333333
2019-05-03,26607.13888888889
2019-05-04,27389.42361111111
2019-05-05,24834.118055555555
2019-05-06,23068.027777777777
2019-05-07,27422.04861111111
2019-05-08,28218.89583333333
2019-05-09,28478.104166666668
2019-05-10,28427.23611111111
2019-05-11,28138.506944444445
2019-05-12,24949.79861111111
2019-05-13,22979.95138888889
2019-05-14,27399.631944444445
2019-05-15,28270.07638888889
2019-05-16,28170.229166666668
2019-05-17,28485.57638888889
2019-05-18,27727.08333333333
2019-05-19,24621.006944444445
2019-05-20,22958.777777777777
2019-05-21,27372.32638888889
2019-05-22,28034.854166666668
2019-05-23,28341.89583333333
2019-05-24,28333.20833333333
2019-05-25,28057.52083333333
2019-05-26,24859.465277777777
2019-05-27,22790.694444444445
2019-05-28,27690.29861111111
2019-05-29,28422.777777777777
2019-05-30,28334.597222222223
2019-05-31,28487.03007518797
2019-06-01,25303.75
2019-06-02,25636.04861111111
2019-06-03,23901.73611111111
2019-06-04,28791.368055555555
2019-06-05,29314.993055555555
2019-06-06,28639.88888888889
2019-06-07,28345.0
2019-06-08,28157.229166666668
2019-06-09,25236.104166666668
2019-06-10,23375.506944444445
2019-06-11,27288.67361111111
2019-06-12,28099.76388888889
2019-06-13,28359.402777777777
2019-06-14,28533.39583333333
2019-06-15,28335.875
2019-06-16,25373.51388888889
2019-06-17,23535.04861111111
2019-06-18,28252.92361111111
2019-06-19,29012.743055555555
2019-06-20,29244.26388888889
2019-06-21,28833.791666666668
2019-06-22,28662.993055555555
2019-06-23,26175.04861111111
2019-06-24,24407.86111111111
2019-06-25,27041.54861111111
2019-06-26,30324.243055555555
2019-06-27,31347.756944444445
2019-06-28,31997.055555555555
2019-06-29,32435.95833333333
2019-06-30,29637.72180451128
2019-07-01,26860.666666666668
2019-07-02,31667.819444444445
2019-07-03,32049.256944444445
2019-07-04,31953.006944444445
2019-07-05,31949.430555555555
2019-07-06,31888.5
2019-07-07,28695.17361111111
2019-07-08,26640.229166666668
2019-07-09,30653.82638888889
2019-07-10,30419.256944444445
2019-07-11,31045.98611111111
2019-07-12,32404.916666666668
2019-07-13,32588.104166666668
2019-07-14,28740.222222222223
2019-07-15,26070.70833333333
2019-07-16,31442.881944444445
2019-07-17,31800.5625
2019-07-18,31397.86111111111
2019-07-19,31757.104166666668
2019-07-20,32194.965277777777
2019-07-21,29081.5
2019-07-22,27152.243055555555
2019-07-23,33046.29861111111
2019-07-24,33848.555555555555
2019-07-25,33880.631944444445
2019-07-26,32794.84027777778
2019-07-27,31656.3125
2019-07-28,27184.694444444445
2019-07-29,24896.229166666668
2019-07-30,29991.805555555555
2019-07-31,30667.85714285714
2019-08-01,26839.5
2019-08-02,30934.840277777777
2019-08-03,30722.9375
2019-08-04,27503.243055555555
2019-08-05,25821.347222222223
2019-08-06,30430.625
2019-08-07,31121.152777777777
2019-08-08,30756.805555555555
2019-08-09,31371.8125
2019-08-10,31356.26388888889
2019-08-11,27939.784722222223
2019-08-12,25340.3125
2019-08-13,27856.305555555555
2019-08-14,27900.3125
2019-08-15,28360.256944444445
2019-08-16,25825.26388888889
2019-08-17,28173.33333333333
2019-08-18,26976.58333333333
2019-08-19,25503.33333333333
2019-08-20,29360.256944444445
2019-08-21,29137.055555555555
2019-08-22,29097.652777777777
2019-08-23,29340.04861111111
2019-08-24,29301.652777777777
2019-08-25,26747.569444444445
2019-08-26,25072.854166666668
2019-08-27,29686.118055555555
2019-08-28,29472.381944444445
2019-08-29,29971.819444444445
2019-08-30,30628.95833333333
2019-08-31,31197.84210526316
2019-09-01,24857.25
2019-09-02,25602.88888888889
2019-09-03,30302.069444444445
2019-09-04,31465.222222222223
2019-09-05,31655.14583333333
2019-09-06,30642.680555555555
2019-09-07,29570.756944444445
2019-09-08,26221.694444444445
2019-09-09,24367.77083333333
2019-09-10,28638.1875
2019-09-11,28554.17361111111
2019-09-12,27331.131944444445
2019-09-13,28220.27083333333
2019-09-14,27735.57638888889
2019-09-15,24853.222222222223
2019-09-16,23521.256944444445
2019-09-17,28519.409722222223
2019-09-18,29259.36111111111
2019-09-19,29312.659722222223
2019-09-20,29442.6875
2019-09-21,29050.631944444445
2019-09-22,25606.777777777777
2019-09-23,23597.743055555555
2019-09-24,27787.680555555555
2019-09-25,28666.92361111111
2019-09-26,29067.17361111111
2019-09-27,29160.715277777777
2019-09-28,28919.07638888889
2019-09-29,25440.722222222223
2019-09-30,23603.248120300752
2019-10-01,24435.5
2019-10-02,29211.277777777777
2019-10-03,28771.652777777777
2019-10-04,28340.6875
2019-10-05,28291.659722222223
2019-10-06,25177.465277777777
2019-10-07,23385.881944444445
2019-10-08,27994.402777777777
2019-10-09,28790.319444444445
2019-10-10,28093.590277777777
2019-10-11,28531.854166666668
2019-10-12,28091.243055555555
2019-10-13,24228.61111111111
2019-10-14,23198.159722222223
2019-10-15,27892.33333333333
2019-10-16,27767.305555555555
2019-10-17,28032.5
2019-10-18,28147.097222222223
2019-10-19,27583.972222222223
2019-10-20,24887.229166666668
2019-10-21,23057.88888888889
2019-10-22,27569.14583333333
2019-10-23,28623.847222222223
2019-10-24,28862.979166666668
2019-10-25,28677.527777777777
2019-10-26,28311.152777777777
2019-10-27,24890.159722222223
2019-10-28,23201.291666666668
2019-10-29,27737.875
2019-10-30,28366.166666666668
2019-10-31,28456.906474820145
2019-11-01,24309.166666666668
2019-11-02,24002.63888888889
2019-11-03,23958.972222222223
2019-11-04,22979.01388888889
2019-11-05,27852.006944444445
2019-11-06,28649.625
2019-11-07,28773.027777777777
2019-11-08,29332.45833333333
2019-11-09,29683.79861111111
2019-11-10,26563.11111111111
2019-11-11,24729.79861111111
2019-11-12,30133.33333333333
2019-11-13,30548.256944444445
2019-11-14,30665.631944444445
2019-11-15,31341.33333333333
2019-11-16,31330.02083333333
2019-11-17,28011.756944444445
2019-11-18,26461.76388888889
2019-11-19,31121.64583333333
2019-11-20,32164.368055555555
2019-11-21,32426.6875
2019-11-22,32371.243055555555
2019-11-23,32100.13888888889
2019-11-24,27608.229166666668
2019-11-25,25746.965277777777
2019-11-26,30570.368055555555
2019-11-27,30947.868055555555
2019-11-28,30458.854166666668
2019-11-29,30534.444444444445
2019-11-30,30111.02877697842
2019-12-01,24416.5
2019-12-02,25331.027777777777
2019-12-03,30202.11111111111
2019-12-04,31106.51388888889
2019-12-05,31498.979166666668
2019-12-06,31176.52083333333
2019-12-07,27109.1875
2019-12-08,26605.805555555555
2019-12-09,25490.86111111111
2019-12-10,28727.23611111111
2019-12-11,31119.89583333333
2019-12-12,31628.541666666668
2019-12-13,32246.965277777777
2019-12-14,31112.8125
2019-12-15,27419.61111111111
2019-12-16,25926.88888888889
2019-12-17,30733.104166666668
2019-12-18,31205.465277777777
2019-12-19,31232.291666666668
2019-12-20,31179.5
2019-12-21,29421.166666666668
2019-12-22,25836.73611111111
2019-12-23,24030.63888888889
2019-12-24,26308.625
2019-12-25,23938.25
2019-12-26,20877.479166666668
2019-12-27,24491.805555555555
2019-12-28,26400.416666666668
2019-12-29,25204.868055555555
2019-12-30,24088.104166666668
2019-12-31,27096.79136690648
2020-01-01,23001.0
2020-01-02,22738.104166666668
2020-01-03,28652.77083333333
2020-01-04,29727.222222222223
2020-01-05,27324.222222222223
2020-01-06,25797.527777777777
2020-01-07,25021.194444444445
2020-01-08,31419.659722222223
2020-01-09,32529.965277777777
2020-01-10,32738.3125
2020-01-11,32554.166666666668
2020-01-12,29169.909722222223
2020-01-13,27683.6875
2020-01-14,33264.84722222222
2020-01-15,33531.083333333336
2020-01-16,33072.36111111111
2020-01-17,32729.57638888889
2020-01-18,32194.76388888889
2020-01-19,28787.909722222223
2020-01-20,27239.33333333333
2020-01-21,33673.13888888889
2020-01-22,34465.59027777778
2020-01-23,33662.0
2020-01-24,33093.645833333336
2020-01-25,32658.430555555555
2020-01-26,28977.11111111111
2020-01-27,26704.791666666668
2020-01-28,32063.38888888889
2020-01-29,32022.51388888889
2020-01-30,31469.38888888889
2020-01-31,31075.46043165468
2020-02-01,27010.83333333333
2020-02-02,26866.881944444445
2020-02-03,24820.08333333333
2020-02-04,28998.23611111111
2020-02-05,29612.73611111111
2020-02-06,29996.041666666668
2020-02-07,30462.368055555555
2020-02-08,30644.284722222223
2020-02-09,27544.402777777777
2020-02-10,25700.819444444445
2020-02-11,29818.930555555555
2020-02-12,30261.04861111111
2020-02-13,30428.069444444445
2020-02-14,30173.805555555555
2020-02-15,29994.305555555555
2020-02-16,26698.284722222223
2020-02-17,24857.944444444445
2020-02-18,29359.52083333333
2020-02-19,30325.305555555555
2020-02-20,30303.277777777777
2020-02-21,30238.347222222223
2020-02-22,29793.277777777777
2020-02-23,26497.73611111111
2020-02-24,24435.86111111111
2020-02-25,29039.965277777777
2020-02-26,29460.58333333333
2020-02-27,29810.534722222223
2020-02-28,29707.256944444445
2020-02-29,28921.54676258993
2020-03-01,24482.666666666668
2020-03-02,24737.20833333333
2020-03-03,29332.222222222223
2020-03-04,30427.63888888889
2020-03-05,29979.08333333333
2020-03-06,29859.444444444445
2020-03-07,30008.555555555555
2020-03-08,26929.166666666668
2020-03-09,24925.979166666668
2020-03-10,29274.67361111111
2020-03-11,29457.42361111111
2020-03-12,29516.45138888889
2020-03-13,29236.305555555555
2020-03-14,28795.534722222223
2020-03-15,25324.902777777777
2020-03-16,23625.3125
2020-03-17,27793.618055555555
2020-03-18,27912.1875
2020-03-19,27028.506944444445
2020-03-20,25203.055555555555
2020-03-21,25689.118055555555
2020-03-22,24341.555555555555
2020-03-23,23085.055555555555
2020-03-24,25915.722222222223
2020-03-25,26199.743055555555
2020-03-26,26281.715277777777
2020-03-27,26106.1875
2020-03-28,26423.45833333333
2020-03-29,23868.29861111111
2020-03-30,22096.340277777777
2020-03-31,24299.42857142857
2020-04-01,21727.416666666668
2020-04-02,23906.64583333333
2020-04-03,23678.965277777777
2020-04-04,23110.902777777777
2020-04-05,21430.26388888889
2020-04-06,20503.73611111111
2020-04-07,22593.58333333333
2020-04-08,22468.618055555555
2020-04-09,22057.402777777777
2020-04-10,21071.67361111111
2020-04-11,20208.13888888889
2020-04-12,20566.42361111111
2020-04-13,19845.541666666668
2020-04-14,21542.95138888889
2020-04-15,23411.1875
2020-04-16,23944.590277777777
2020-04-17,23921.61111111111
2020-04-18,23742.159722222223
2020-04-19,21838.729166666668
2020-04-20,20593.77083333333
2020-04-21,23279.909722222223
2020-04-22,24040.42361111111
2020-04-23,24132.722222222223
2020-04-24,24025.0
2020-04-25,23735.70138888889
2020-04-26,22058.993055555555
2020-04-27,20710.402777777777
2020-04-28,23532.64583333333
2020-04-29,23985.29861111111
2020-04-30,24229.255639097744
2020-05-01,20967.08333333333
2020-05-02,20583.229166666668
2020-05-03,21060.944444444445
2020-05-04,20438.965277777777
2020-05-05,23358.347222222223
2020-05-06,24215.95138888889
2020-05-07,24414.215277777777
2020-05-08,24063.590277777777
2020-05-09,23740.222222222223
2020-05-10,21565.180555555555
2020-05-11,20225.555555555555
2020-05-12,23529.95833333333
2020-05-13,24674.680555555555
2020-05-14,24414.13888888889
2020-05-15,24479.75
2020-05-16,23877.472222222223
2020-05-17,21756.79861111111
2020-05-18,20530.854166666668
2020-05-19,23727.67361111111
2020-05-20,24401.305555555555
2020-05-21,25023.534722222223
2020-05-22,25267.875
2020-05-23,25380.9375
2020-05-24,23015.58333333333
2020-05-25,21657.652777777777
2020-05-26,25124.756944444445
2020-05-27,25712.39583333333
2020-05-28,25896.89583333333
2020-05-29,25747.92361111111
2020-05-30,25665.159722222223
2020-05-31,23366.42857142857
2020-06-01,21225.33333333333
2020-06-02,25041.36111111111
2020-06-03,26063.54861111111
2020-06-04,26421.83333333333
2020-06-05,25822.14583333333
2020-06-06,25401.0
2020-06-07,22950.631944444445
2020-06-08,21265.229166666668
2020-06-09,24836.680555555555
2020-06-10,25483.04861111111
2020-06-11,25945.493055555555
2020-06-12,25881.32638888889
2020-06-13,25600.13888888889
2020-06-14,22941.13888888889
2020-06-15,21418.3125
2020-06-16,25605.1875
2020-06-17,26087.86111111111
2020-06-18,26116.131944444445
2020-06-19,26066.305555555555
2020-06-20,26151.930555555555
2020-06-21,24134.125
2020-06-22,22914.95833333333
2020-06-23,27522.979166666668
2020-06-24,28349.51388888889
2020-06-25,26629.11111111111
2020-06-26,28553.54861111111
2020-06-27,27879.89583333333
2020-06-28,25310.75
2020-06-29,24276.506944444445
2020-06-30,29333.06015037594
2020-07-01,26770.0
2020-07-02,30427.67361111111
2020-07-03,30436.67361111111
2020-07-04,29105.89583333333
2020-07-05,26235.055555555555
2020-07-06,25060.777777777777
2020-07-07,30351.25
2020-07-08,31062.305555555555
2020-07-09,31119.840277777777
2020-07-10,30607.5
2020-07-11,29939.944444444445
2020-07-12,27111.430555555555
2020-07-13,25038.5
2020-07-14,29962.07638888889
2020-07-15,29946.0
2020-07-16,30090.180555555555
2020-07-17,30192.86111111111
2020-07-18,29905.541666666668
2020-07-19,27075.541666666668
2020-07-20,25574.11111111111
2020-07-21,30634.131944444445
2020-07-22,31149.20138888889
2020-07-23,30889.347222222223
2020-07-24,31324.95833333333
2020-07-25,31045.416666666668
2020-07-26,27614.95833333333
2020-07-27,26306.243055555555
2020-07-28,31658.097222222223
2020-07-29,32232.409722222223
2020-07-30,32308.590277777777
2020-07-31,32975.203007518794
2020-08-01,28573.25
2020-08-02,28857.777777777777
2020-08-03,26360.916666666668
2020-08-04,29388.3125
2020-08-05,29644.722222222223
2020-08-06,30398.36111111111
2020-08-07,30774.89583333333
2020-08-08,30678.541666666668
2020-08-09,27574.92361111111
2020-08-10,26004.715277777777
2020-08-11,29140.86111111111
2020-08-12,28857.819444444445
2020-08-13,27992.472222222223
2020-08-14,28259.8125
2020-08-15,27896.402777777777
2020-08-16,24541.618055555555
2020-08-17,23103.625
2020-08-18,26769.659722222223
2020-08-19,27942.1875
2020-08-20,28638.3125
2020-08-21,28775.965277777777
2020-08-22,29123.07638888889
2020-08-23,26393.52083333333
2020-08-24,24457.006944444445
2020-08-25,29099.381944444445
2020-08-26,30667.95138888889
2020-08-27,31334.38888888889
2020-08-28,31547.14583333333
2020-08-29,30193.722222222223
2020-08-30,24513.541666666668
2020-08-31,22355.87969924812
2020-09-01,24262.0
2020-09-02,27785.08333333333
2020-09-03,28190.48611111111
2020-09-04,28577.63888888889
2020-09-05,28719.57638888889
2020-09-06,25637.506944444445
2020-09-07,23743.04861111111
2020-09-08,27483.11111111111
2020-09-09,27722.02083333333
2020-09-10,28521.069444444445
2020-09-11,28655.090277777777
2020-09-12,27745.666666666668
2020-09-13,25756.14583333333
2020-09-14,24112.368055555555
2020-09-15,28823.590277777777
2020-09-16,29569.48611111111
2020-09-17,29946.993055555555
2020-09-18,29365.95833333333
2020-09-19,28233.98611111111
2020-09-20,24583.743055555555
2020-09-21,22765.61111111111
2020-09-22,27259.097222222223
2020-09-23,28005.5625
2020-09-24,28200.42361111111
2020-09-25,28124.097222222223
2020-09-26,27140.131944444445
2020-09-27,23882.875
2020-09-28,22232.0
2020-09-29,26554.375
2020-09-30,27734.496240601504
2020-10-01,24360.25
2020-10-02,27792.493055555555
2020-10-03,27500.39583333333
2020-10-04,23972.409722222223
2020-10-05,22616.86111111111
2020-10-06,26977.63888888889
2020-10-07,27578.0625
2020-10-08,27796.527777777777
2020-10-09,27905.680555555555
2020-10-10,26977.29861111111
2020-10-11,24018.493055555555
2020-10-12,22163.527777777777
2020-10-13,22613.166666666668
2020-10-14,26919.52083333333
2020-10-15,27885.881944444445
2020-10-16,28034.604166666668
2020-10-17,27880.979166666668
2020-10-18,24994.27083333333
2020-10-19,23099.284722222223
2020-10-20,27523.13888888889
2020-10-21,28267.722222222223
2020-10-22,28011.541666666668
2020-10-23,28184.777777777777
2020-10-24,27540.840277777777
2020-10-25,24476.3125
2020-10-26,22902.493055555555
2020-10-27,27349.277777777777
2020-10-28,28224.854166666668
2020-10-29,28473.125
2020-10-30,28505.38888888889
2020-10-31,28192.64748201439
2020-11-01,22194.33333333333
2020-11-02,22779.625
2020-11-03,25707.02083333333
2020-11-04,27786.444444444445
2020-11-05,28936.70833333333
2020-11-06,28918.64583333333
2020-11-07,28111.39583333333
2020-11-08,25013.20138888889
2020-11-09,23132.340277777777
2020-11-10,27459.61111111111
2020-11-11,28330.625
2020-11-12,28619.604166666668
2020-11-13,28641.36111111111
2020-11-14,28388.465277777777
2020-11-15,25402.131944444445
2020-11-16,23173.916666666668
2020-11-17,27577.222222222223
2020-11-18,28456.14583333333
2020-11-19,28640.118055555555
2020-11-20,28329.472222222223
2020-11-21,28158.95138888889
2020-11-22,25622.54861111111
2020-11-23,24261.805555555555
2020-11-24,29192.104166666668
2020-11-25,30309.916666666668
2020-11-26,30500.381944444445
2020-11-27,30375.70138888889
2020-11-28,30102.131944444445
2020-11-29,26746.95138888889
2020-11-30,25135.172661870503
2020-12-01,25624.0
2020-12-02,29772.17361111111
2020-12-03,30149.14583333333
2020-12-04,31039.277777777777
2020-12-05,31181.02083333333
2020-12-06,28333.118055555555
2020-12-07,26436.930555555555
2020-12-08,27855.215277777777
2020-12-09,27131.58333333333
2020-12-10,31699.75
2020-12-11,32050.36111111111
2020-12-12,31003.13888888889
2020-12-13,26848.493055555555
2020-12-14,25553.0625
2020-12-15,30216.375
2020-12-16,30532.784722222223
2020-12-17,31174.722222222223
2020-12-18,31102.82638888889
2020-12-19,30888.36111111111
2020-12-20,27569.347222222223
2020-12-21,25664.25
2020-12-22,29831.5625
2020-12-23,29758.402777777777
2020-12-24,28842.118055555555
2020-12-25,25371.631944444445
2020-12-26,22567.29861111111
2020-12-27,25321.36111111111
2020-12-28,25604.743055555555
2020-12-29,28849.01388888889
2020-12-30,29071.902777777777
2020-12-31,29235.280575539568
2021-01-01,24722.83333333333
2021-01-02,23900.125
2021-01-03,26971.02083333333
2021-01-04,27069.83333333333
2021-01-05,31798.51388888889
2021-01-06,32257.472222222223
2021-01-07,27918.875
2021-01-08,34269.90277777778
2021-01-09,34907.368055555555
2021-01-10,30855.354166666668
2021-01-11,29380.506944444445
2021-01-12,34095.618055555555
2021-01-13,35252.52777777778
2021-01-14,35148.131944444445
2021-01-15,35000.118055555555
2021-01-16,34542.40972222222
2021-01-17,30677.777777777777
2021-01-18,28542.979166666668
2021-01-19,33444.71527777778
2021-01-20,34052.819444444445
2021-01-21,34050.8125
2021-01-22,32799.319444444445
2021-01-23,31794.8125
2021-01-24,28570.86111111111
2021-01-25,26109.006944444445
2021-01-26,31113.631944444445
2021-01-27,30793.555555555555
2021-01-28,29953.291666666668
2021-01-29,29673.92361111111
2021-01-30,29048.64583333333
2021-01-31,26732.68345323741
2021-02-01,24190.83333333333
2021-02-02,29144.694444444445
2021-02-03,29708.715277777777
2021-02-04,29611.98611111111
2021-02-05,29536.0625
2021-02-06,29511.33333333333
2021-02-07,26562.715277777777
2021-02-08,25218.541666666668
2021-02-09,30249.597222222223
2021-02-10,31655.027777777777
2021-02-11,30703.89583333333
2021-02-12,30330.26388888889
2021-02-13,29693.54861111111
2021-02-14,26387.604166666668
2021-02-15,25162.625
2021-02-16,29671.729166666668
2021-02-17,30013.409722222223
2021-02-18,30048.604166666668
2021-02-19,30132.604166666668
2021-02-20,29859.79861111111
2021-02-21,26621.069444444445
2021-02-22,25490.527777777777
2021-02-23,29665.256944444445
2021-02-24,29946.493055555555
2021-02-25,29879.52083333333
2021-02-26,29758.14583333333
2021-02-27,29571.277777777777
2021-02-28,26505.21582733813
2021-03-01,24005.166666666668
2021-03-02,29204.38888888889
2021-03-03,29942.791666666668
2021-03-04,29753.04861111111
2021-03-05,29514.83333333333
2021-03-06,29307.090277777777
2021-03-07,26049.527777777777
2021-03-08,24679.479166666668
2021-03-09,29637.965277777777
2021-03-10,30281.284722222223
2021-03-11,29913.590277777777
2021-03-12,29467.979166666668
2021-03-13,28993.215277777777
2021-03-14,25636.95138888889
2021-03-15,24131.618055555555
2021-03-16,28820.229166666668
2021-03-17,29234.86111111111
2021-03-18,29218.39583333333
2021-03-19,29547.152777777777
2021-03-20,28042.20833333333
2021-03-21,26595.07638888889
2021-03-22,25026.090277777777
2021-03-23,29338.541666666668
2021-03-24,29460.409722222223
2021-03-25,29160.79861111111
2021-03-26,28781.0
2021-03-27,28499.82638888889
2021-03-28,25632.52083333333
2021-03-29,23619.14583333333
2021-03-30,27640.465277777777
2021-03-31,27927.30827067669
2021-04-01,23312.5
2021-04-02,23832.493055555555
2021-04-03,22007.875
2021-04-04,22808.597222222223
2021-04-05,21763.777777777777
2021-04-06,23952.027777777777
2021-04-07,27103.618055555555
2021-04-08,28060.993055555555
2021-04-09,28226.680555555555
2021-04-10,28245.33333333333
2021-04-11,25103.54861111111
2021-04-12,23389.07638888889
2021-04-13,27498.194444444445
2021-04-14,28569.541666666668
2021-04-15,28367.541666666668
2021-04-16,28589.86111111111
2021-04-17,28169.305555555555
2021-04-18,25135.0
2021-04-19,23363.131944444445
2021-04-20,27857.32638888889
2021-04-21,28243.534722222223
2021-04-22,28230.194444444445
2021-04-23,28308.534722222223
2021-04-24,27124.131944444445
2021-04-25,24458.409722222223
2021-04-26,23318.07638888889
2021-04-27,27535.17361111111
2021-04-28,27959.5
2021-04-29,27648.222222222223
2021-04-30,27959.15037593985
2021-05-01,23142.25
2021-05-02,22536.027777777777
2021-05-03,22019.67361111111
2021-05-04,26508.8125
2021-05-05,27366.930555555555
2021-05-06,27411.479166666668
2021-05-07,27233.51388888889
2021-05-08,26952.840277777777
2021-05-09,24012.08333333333
2021-05-10,22648.6875
2021-05-11,26679.57638888889
2021-05-12,27238.881944444445
2021-05-13,27313.305555555555
2021-05-14,27590.631944444445
2021-05-15,27156.777777777777
2021-05-16,24281.25
2021-05-17,22838.07638888889
2021-05-18,26638.14583333333
2021-05-19,27682.13888888889
2021-05-20,27787.840277777777
2021-05-21,27663.493055555555
2021-05-22,27425.854166666668
2021-05-23,24311.86111111111
2021-05-24,22552.541666666668
2021-05-25,26012.381944444445
2021-05-26,27224.1875
2021-05-27,27529.868055555555
2021-05-28,27611.61111111111
2021-05-29,27282.666666666668
2021-05-30,24666.097222222223
2021-05-31,23001.62406015037
2021-06-01,24658.666666666668
2021-06-02,27738.902777777777
2021-06-03,27866.319444444445
2021-06-04,27753.604166666668
2021-06-05,27454.847222222223
2021-06-06,24424.45138888889
2021-06-07,22814.680555555555
2021-06-08,27619.75
2021-06-09,28723.229166666668
2021-06-10,29105.791666666668
2021-06-11,29454.8125
2021-06-12,29041.090277777777
2021-06-13,26181.034722222223
2021-06-14,24529.29861111111
2021-06-15,29605.6875
2021-06-16,30307.965277777777
2021-06-17,29976.659722222223
2021-06-18,28912.541666666668
2021-06-19,28427.965277777777
2021-06-20,25350.9375
2021-06-21,23335.92361111111
2021-06-22,27672.57638888889
2021-06-23,28167.590277777777
2021-06-24,27609.58333333333
2021-06-25,26446.972222222223
2021-06-26,27529.256944444445
2021-06-27,25542.097222222223
2021-06-28,23861.930555555555
2021-06-29,28081.166666666668
2021-06-30,29142.90977443609
2021-07-01,26848.0
2021-07-02,29653.055555555555
2021-07-03,29741.0
2021-07-04,27086.159722222223
2021-07-05,25614.541666666668
2021-07-06,30316.291666666668
2021-07-07,30411.534722222223
2021-07-08,29386.45833333333
2021-07-09,29185.33333333333
2021-07-10,29615.506944444445
2021-07-11,27462.45138888889
2021-07-12,26075.965277777777
2021-07-13,30082.5
2021-07-14,29337.027777777777
2021-07-15,29332.222222222223
2021-07-16,29646.534722222223
2021-07-17,30004.729166666668
2021-07-18,27663.77083333333
2021-07-19,25926.993055555555
2021-07-20,30728.034722222223
2021-07-21,31206.006944444445
2021-07-22,31673.881944444445
2021-07-23,32084.569444444445
2021-07-24,31577.25
2021-07-25,27833.61111111111
2021-07-26,25585.881944444445
2021-07-27,29446.77083333333
2021-07-28,30307.45833333333
2021-07-29,30644.42361111111
2021-07-30,31164.77083333333
2021-07-31,30926.66917293233
2021-08-01,24124.0
2021-08-02,23928.243055555555
2021-08-03,27429.125
2021-08-04,28286.20833333333
2021-08-05,28688.784722222223
2021-08-06,29094.034722222223
2021-08-07,28799.3125
2021-08-08,26404.243055555555
2021-08-09,24147.20833333333
2021-08-10,27300.416666666668
2021-08-11,28127.722222222223
2021-08-12,29221.902777777777
2021-08-13,29998.555555555555
2021-08-14,30209.284722222223
2021-08-15,28965.51388888889
2021-08-16,27288.618055555555
2021-08-17,28812.666666666668
2021-08-18,28639.25
2021-08-19,28531.11111111111
2021-08-20,28410.63888888889
2021-08-21,28500.534722222223
2021-08-22,26646.89583333333
2021-08-23,25215.82638888889
2021-08-24,29213.64583333333
2021-08-25,29450.95138888889
2021-08-26,29189.965277777777
2021-08-27,29628.375
2021-08-28,29683.791666666668
2021-08-29,26519.118055555555
2021-08-30,24527.006944444445
2021-08-31,28827.72180451128
2021-09-01,26671.25
2021-09-02,29175.77083333333
2021-09-03,28953.847222222223
2021-09-04,28873.73611111111
2021-09-05,25867.222222222223
2021-09-06,24615.166666666668
2021-09-07,29861.277777777777
2021-09-08,30452.625
2021-09-09,29764.506944444445
2021-09-10,29882.88888888889
2021-09-11,29244.88888888889
2021-09-12,26010.70833333333
2021-09-13,24550.33333333333
2021-09-14,28941.284722222223
2021-09-15,29389.125
2021-09-16,29125.0625
2021-09-17,28306.125
2021-09-18,28031.159722222223
2021-09-19,24767.902777777777
2021-09-20,22915.965277777777
2021-09-21,27096.319444444445
2021-09-22,27143.29861111111
2021-09-23,27446.402777777777
2021-09-24,27502.4375
2021-09-25,27320.097222222223
2021-09-26,24548.01388888889
2021-09-27,22761.055555555555
2021-09-28,27191.715277777777
2021-09-29,27963.979166666668
2021-09-30,28233.51879699248
2021-10-01,24622.33333333333
2021-10-02,27444.027777777777
2021-10-03,24319.631944444445
2021-10-04,22666.9375
2021-10-05,26065.48611111111
2021-10-06,26897.541666666668
2021-10-07,27513.805555555555
2021-10-08,27204.152777777777
2021-10-09,26969.625
2021-10-10,23943.743055555555
2021-10-11,22094.555555555555
2021-10-12,24208.180555555555
2021-10-13,22618.659722222223
2021-10-14,26505.17361111111
2021-10-15,26734.152777777777
2021-10-16,27022.444444444445
2021-10-17,24176.229166666668
2021-10-18,22666.354166666668
2021-10-19,26952.131944444445
2021-10-20,27460.20138888889
2021-10-21,27414.5625
2021-10-22,27246.152777777777
2021-10-23,26872.340277777777
2021-10-24,23997.055555555555
2021-10-25,22480.569444444445
2021-10-26,26758.534722222223
2021-10-27,27442.027777777777
2021-10-28,27336.243055555555
2021-10-29,27404.229166666668
2021-10-30,27492.33333333333
2021-10-31,24939.744360902256
2021-11-01,21708.666666666668
2021-11-02,22763.70138888889
2021-11-03,26785.77083333333
2021-11-04,27790.45138888889
2021-11-05,28096.791666666668
2021-11-06,28374.993055555555
2021-11-07,25835.51388888889
2021-11-08,24427.659722222223
2021-11-09,28510.854166666668
2021-11-10,28883.4375
2021-11-11,29333.652777777777
2021-11-12,29400.3125
2021-11-13,29128.61111111111
2021-11-14,25766.097222222223
2021-11-15,24212.555555555555
2021-11-16,28719.1875
2021-11-17,29653.416666666668
2021-11-18,29682.215277777777
2021-11-19,29964.118055555555
2021-11-20,29884.097222222223
2021-11-21,26869.180555555555
2021-11-22,24819.319444444445
2021-11-23,29639.854166666668
2021-11-24,30647.0625
2021-11-25,31214.972222222223
2021-11-26,31179.3125
2021-11-27,30995.51388888889
2021-11-28,28187.416666666668
2021-11-29,26945.0
2021-11-30,31179.97122302158
2021-12-01,27543.0
2021-12-02,31644.5625
2021-12-03,31701.555555555555
2021-12-04,31344.180555555555
2021-12-05,28025.694444444445
2021-12-06,26052.0625
2021-12-07,26398.39583333333
2021-12-08,28048.590277777777
2021-12-09,26875.26388888889
2021-12-10,31014.29861111111
2021-12-11,30777.472222222223
2021-12-12,27517.340277777777
2021-12-13,25614.0625
2021-12-14,30292.131944444445
2021-12-15,31101.569444444445
2021-12-16,31170.89583333333
2021-12-17,31321.01388888889
2021-12-18,31034.08333333333
2021-12-19,27919.58333333333
2021-12-20,26054.902777777777
2021-12-21,30750.652777777777
2021-12-22,30701.5625
2021-12-23,30108.0
2021-12-24,28783.54861111111
2021-12-25,24763.118055555555
2021-12-26,21441.006944444445
2021-12-27,22760.006944444445
2021-12-28,25648.152777777777
2021-12-29,25898.604166666668
2021-12-30,25646.11111111111
2021-12-31,25702.525179856115
2022-01-01,21558.666666666668
2022-01-02,20872.659722222223
2022-01-03,22718.48611111111
2022-01-04,27346.95833333333
2022-01-05,28248.4375
2022-01-06,28049.256944444445
2022-01-07,24176.194444444445
2022-01-08,27754.5
2022-01-09,26877.881944444445
2022-01-10,25598.097222222223
2022-01-11,29854.743055555555
2022-01-12,30291.604166666668
2022-01-13,30571.965277777777
2022-01-14,31128.729166666668
2022-01-15,31460.027777777777
2022-01-16,28114.23611111111
2022-01-17,26513.972222222223
2022-01-18,31244.8125
2022-01-19,32124.777777777777
2022-01-20,32265.88888888889
2022-01-21,32181.715277777777
2022-01-22,31946.11111111111
2022-01-23,28742.39583333333
2022-01-24,27053.45138888889
2022-01-25,31990.82638888889
2022-01-26,31925.277777777777
2022-01-27,31815.04861111111
2022-01-28,31489.6875
2022-01-29,31082.652777777777
2022-01-30,27681.291666666668
2022-01-31,25729.1654676259
2022-02-01,26768.0
2022-02-02,30558.14583333333
2022-02-03,30343.51388888889
2022-02-04,30142.347222222223
2022-02-05,29905.13888888889
2022-02-06,26750.73611111111
2022-02-07,25172.541666666668
2022-02-08,29411.506944444445
2022-02-09,29869.92361111111
2022-02-10,29941.11111111111
2022-02-11,30156.625
2022-02-12,29716.42361111111
2022-02-13,26755.256944444445
2022-02-14,24874.51388888889
2022-02-15,29303.618055555555
2022-02-16,29965.33333333333
2022-02-17,29890.868055555555
2022-02-18,29542.95138888889
2022-02-19,29006.45138888889
2022-02-20,26573.95138888889
2022-02-21,24759.354166666668
2022-02-22,28816.993055555555
2022-02-23,29062.13888888889
2022-02-24,29075.416666666668
2022-02-25,29157.715277777777
2022-02-26,29235.979166666668
2022-02-27,26565.36111111111
2022-02-28,24585.41007194245
2022-03-01,25332.33333333333
2022-03-02,28726.993055555555
2022-03-03,29043.527777777777
2022-03-04,29355.73611111111
2022-03-05,29205.70833333333
2022-03-06,25752.666666666668
2022-03-07,24276.07638888889
2022-03-08,29082.5625
2022-03-09,29019.694444444445
2022-03-10,28695.88888888889
2022-03-11,28500.479166666668
2022-03-12,28724.23611111111
2022-03-13,25200.194444444445
2022-03-14,23406.229166666668
2022-03-15,28784.04861111111
2022-03-16,28724.479166666668
2022-03-17,28744.01388888889
2022-03-18,28365.777777777777
2022-03-19,27742.52083333333
2022-03-20,24452.319444444445
2022-03-21,23249.13888888889
2022-03-22,27449.840277777777
2022-03-23,28033.70833333333
2022-03-24,28252.597222222223
2022-03-25,28537.32638888889
2022-03-26,27986.23611111111
2022-03-27,24988.604166666668
2022-03-28,22809.784722222223
2022-03-29,26918.48611111111
2022-03-30,27553.14583333333
2022-03-31,28155.398496240603
2022-04-01,24157.916666666668
2022-04-02,28030.256944444445
2022-04-03,25147.256944444445
2022-04-04,23955.791666666668
2022-04-05,29464.92361111111
2022-04-06,30299.20833333333
2022-04-07,29312.70833333333
2022-04-08,28282.368055555555
2022-04-09,27716.805555555555
2022-04-10,24314.090277777777
2022-04-11,22479.36111111111
2022-04-12,26367.58333333333
2022-04-13,27063.125
2022-04-14,26575.229166666668
2022-04-15,22631.902777777777
2022-04-16,20821.125
2022-04-17,21417.75
2022-04-18,20388.569444444445
2022-04-19,22523.1875
2022-04-20,25643.527777777777
2022-04-21,27223.618055555555
2022-04-22,27263.02083333333
2022-04-23,27322.402777777777
2022-04-24,24155.291666666668
2022-04-25,22199.13888888889
2022-04-26,25921.381944444445
2022-04-27,26749.868055555555
2022-04-28,27205.597222222223
2022-04-29,27093.229166666668
2022-04-30,26667.375939849622
2022-05-01,20636.166666666668
2022-05-02,20599.13888888889
2022-05-03,24109.027777777777
2022-05-04,26585.784722222223
2022-05-05,26832.881944444445
2022-05-06,26509.305555555555
2022-05-07,25884.319444444445
2022-05-08,23051.402777777777
2022-05-09,21481.027777777777
2022-05-10,25917.20138888889
2022-05-11,26684.1875
2022-05-12,26843.631944444445
2022-05-13,26855.791666666668
2022-05-14,26832.465277777777
2022-05-15,23764.118055555555
2022-05-16,22071.604166666668
2022-05-17,26060.23611111111
2022-05-18,27084.104166666668
2022-05-19,27690.104166666668
2022-05-20,28158.125
2022-05-21,28037.222222222223
2022-05-22,25120.131944444445
2022-05-23,23002.13888888889
2022-05-24,26965.775862068964
2022-05-25,27084.05208333333
2022-05-26,26414.0625
2022-05-27,26647.371527777777
2022-05-28,26829.875
2022-05-29,24470.996527777777
2022-05-30,22637.38888888889
2022-05-31,26864.143396226416
2022-06-01,24690.291666666668
2022-06-02,27730.680555555555
2022-06-03,27960.57986111111
2022-06-04,27864.604166666668
2022-06-05,24508.79861111111
2022-06-06,22923.39583333333
2022-06-07,26386.496527777777
2022-06-08,28260.02083333333
2022-06-09,28579.875
2022-06-10,28746.48958333333
2022-06-11,28952.913194444445
2022-06-12,26330.444444444445
2022-06-13,24653.690972222223
2022-06-14,29899.90625
2022-06-15,31603.559027777777
2022-06-16,32316.684027777777
2022-06-17,32053.90625
2022-06-18,31970.92361111111
2022-06-19,28045.04861111111
2022-06-20,24665.722222222223
2022-06-21,29429.95833333333
2022-06-22,29658.82638888889
2022-06-23,28761.722222222223
2022-06-24,27658.875
2022-06-25,25538.42013888889
2022-06-26,24468.65625
2022-06-27,22918.409722222223
2022-06-28,26967.131944444445
2022-06-29,28084.527777777777
2022-06-30,28626.0
2022-07-01,25032.70833333333
2022-07-02,27839.375
2022-07-03,25787.652777777777
2022-07-04,24144.30208333333
2022-07-05,28601.08333333333
2022-07-06,29799.59375
2022-07-07,29506.972222222223
2022-07-08,29178.621527777777
2022-07-09,29471.11111111111
2022-07-10,26737.979166666668
2022-07-11,25606.277777777777
2022-07-12,30876.034722222223
2022-07-13,31959.63888888889
2022-07-14,32639.402777777777
2022-07-15,32755.84375
2022-07-16,32433.32986111111
2022-07-17,29124.586805555555
2022-07-18,27234.288194444445
2022-07-19,32247.541666666668
2022-07-20,31914.17361111111
2022-07-21,31990.45486111111
2022-07-22,32437.45138888889
2022-07-23,32253.836805555555
2022-07-24,28293.65625
2022-07-25,26764.875
2022-07-26,30546.291666666668
2022-07-27,31827.253472222223
2022-07-28,31184.95833333333
2022-07-29,31295.01736111111
2022-07-30,30787.10763888889
2022-07-31,27525.109433962265
2022-08-01,25634.666666666668
2022-08-02,30466.371527777777
2022-08-03,31137.39583333333
2022-08-04,30795.097222222223
2022-08-05,30352.14583333333
2022-08-06,29450.13888888889
2022-08-07,26648.54513888889
2022-08-08,24803.447916666668
2022-08-09,28116.277777777777
2022-08-10,28550.847222222223
2022-08-11,29274.166666666668
2022-08-12,29304.42013888889
2022-08-13,29280.944444444445
2022-08-14,26880.54513888889
2022-08-15,24234.38888888889
2022-08-16,23879.33333333333
2022-08-17,26432.5
2022-08-18,26189.222222222223
2022-08-19,25760.27083333333
2022-08-20,25894.538194444445
2022-08-21,24700.92013888889
2022-08-22,23710.20138888889
2022-08-23,27709.118055555555
2022-08-24,28756.53125
2022-08-25,29154.39583333333
2022-08-26,28898.729166666668
2022-08-27,28162.60763888889
2022-08-28,25535.20486111111
2022-08-29,24135.26736111111
2022-08-30,28708.944444444445
2022-08-31,29789.588679245284
2022-09-01,25257.125
2022-09-02,28662.77083333333
2022-09-03,28541.98263888889
2022-09-04,24713.961805555555
2022-09-05,23033.58333333333
2022-09-06,27917.975694444445
2022-09-07,28311.64236111111
2022-09-08,28524.04513888889
2022-09-09,27948.663194444445
2022-09-10,28240.597222222223
2022-09-11,25347.55208333333
2022-09-12,24075.774305555555
2022-09-13,29239.243055555555
2022-09-14,29121.479166666668
2022-09-15,28102.277777777777
2022-09-16,27931.23611111111
2022-09-17,27728.64236111111
2022-09-18,23982.649305555555
2022-09-19,22386.11111111111
2022-09-20,27060.5
2022-09-21,27642.538194444445
2022-09-22,27411.38888888889
2022-09-23,27378.45486111111
2022-09-24,27096.0625
2022-09-25,23289.572916666668
2022-09-26,21314.503472222223
2022-09-27,25228.77083333333
2022-09-28,25965.024305555555
2022-09-29,26081.36111111111
2022-09-30,26351.05283018868
2022-10-01,21777.95833333333
2022-10-02,22547.76736111111
2022-10-03,21181.98263888889
2022-10-04,25687.23958333333
2022-10-05,26377.680555555555
2022-10-06,26375.399305555555
2022-10-07,26655.944444444445
2022-10-08,26238.805555555555
2022-10-09,22928.104166666668
2022-10-10,21234.885416666668
2022-10-11,25637.055555555555
2022-10-12,25810.038194444445
2022-10-13,21855.368055555555
2022-10-14,25443.260416666668
2022-10-15,25747.024305555555
2022-10-16,22277.059027777777
2022-10-17,21172.39236111111
2022-10-18,25670.430555555555
2022-10-19,26417.79861111111
2022-10-20,26998.694444444445
2022-10-21,27112.899305555555
2022-10-22,26437.39236111111
2022-10-23,22804.190972222223
2022-10-24,21588.038194444445
2022-10-25,25620.60763888889
2022-10-26,26246.760416666668
2022-10-27,26422.479166666668
2022-10-28,26202.913194444445
2022-10-29,25702.878472222223
2022-10-30,22372.440972222223
2022-10-31,20841.46209386281
2022-11-01,20705.5
2022-11-02,21159.697916666668
2022-11-03,25126.58333333333
2022-11-04,25925.73958333333
2022-11-05,25786.625
2022-11-06,22408.32638888889
2022-11-07,20911.0
2022-11-08,25315.590277777777
2022-11-09,26435.5
2022-11-10,26142.663194444445
2022-11-11,26203.944444444445
2022-11-12,26372.024305555555
2022-11-13,23182.125
2022-11-14,21370.260416666668
2022-11-15,26012.618055555555
2022-11-16,26799.600694444445
2022-11-17,27078.885416666668
2022-11-18,27059.95833333333
2022-11-19,26807.100694444445
2022-11-20,23905.23263888889
2022-11-21,22232.291666666668
2022-11-22,27419.465277777777
2022-11-23,28441.92013888889
2022-11-24,27890.29513888889
2022-11-25,27784.354166666668
2022-11-26,27060.746527777777
2022-11-27,24243.006944444445
2022-11-28,23013.965277777777
2022-11-29,27522.625
2022-11-30,28536.895306859205
2022-12-01,25184.0
2022-12-02,29037.496527777777
2022-12-03,29081.625
2022-12-04,26067.274305555555
2022-12-05,24363.590277777777
2022-12-06,28117.756944444445
2022-12-07,25565.13888888889
2022-12-08,27613.072916666668
2022-12-09,25020.98958333333
2022-12-10,26610.190972222223
2022-12-11,24610.413194444445
2022-12-12,24126.819444444445
2022-12-13,29009.0
2022-12-14,29229.125
2022-12-15,28650.815972222223
2022-12-16,28290.722222222223
2022-12-17,28375.98263888889
2022-12-18,24890.33333333333
2022-12-19,23604.20138888889
2022-12-20,28401.722222222223
2022-12-21,28902.77083333333
2022-12-22,28206.246527777777
2022-12-23,27506.05208333333
2022-12-24,26024.402777777777
2022-12-25,21920.430555555555
2022-12-26,19292.559027777777
2022-12-27,21170.586805555555
2022-12-28,24046.090277777777
2022-12-29,24775.09375
2022-12-30,25168.9375
2022-12-31,24621.8880866426
2023-01-01,20006.33333333333
2023-01-02,19617.100694444445
2023-01-03,24471.98263888889
2023-01-04,26577.434027777777
2023-01-05,27064.40625
2023-01-06,26356.11458333333
2023-01-07,22576.774305555555
2023-01-08,24628.29513888889
2023-01-09,24149.61458333333
2023-01-10,27778.663194444445
2023-01-11,28845.809027777777
2023-01-12,29216.375
2023-01-13,29277.11458333333
2023-01-14,29196.652777777777
2023-01-15,26036.354166666668
2023-01-16,24288.84375
2023-01-17,30063.506944444445
2023-01-18,30192.11111111111
2023-01-19,30899.697916666668
2023-01-20,31113.194444444445
2023-01-21,29945.729166666668
2023-01-22,26576.809027777777
2023-01-23,25344.197916666668
2023-01-24,30994.70833333333
2023-01-25,32509.027777777777
2023-01-26,32000.711805555555
2023-01-27,32248.80208333333
2023-01-28,31606.92708333333
2023-01-29,28016.98263888889
2023-01-30,26404.631944444445
2023-01-31,31406.303249097477
2023-02-01,27756.166666666668
2023-02-02,31424.569444444445
2023-02-03,31141.70138888889
2023-02-04,30413.17361111111
2023-02-05,26406.20486111111
2023-02-06,24490.30208333333
2023-02-07,30364.73263888889
2023-02-08,31944.85763888889
2023-02-09,31726.878472222223
2023-02-10,31263.444444444445
2023-02-11,31156.11458333333
2023-02-12,27234.586805555555
2023-02-13,25433.45486111111
2023-02-14,30116.340277777777
2023-02-15,30577.680555555555
2023-02-16,30128.680555555555
2023-02-17,29777.34375
2023-02-18,29262.947916666668
2023-02-19,25634.725694444445
2023-02-20,23614.086805555555
2023-02-21,27764.0
2023-02-22,28333.20486111111
2023-02-23,28357.663194444445
2023-02-24,29163.475694444445
2023-02-25,29029.14583333333
2023-02-26,26166.760416666668
2023-02-27,24580.527777777777
2023-02-28,30195.696750902527
2023-03-01,27033.58333333333
2023-03-02,31055.368055555555
2023-03-03,31047.284722222223
2023-03-04,30260.697916666668
2023-03-05,26314.215277777777
2023-03-06,25104.496527777777
2023-03-07,29105.77083333333
2023-03-08,28914.01736111111
2023-03-09,28432.934027777777
2023-03-10,28183.23611111111
2023-03-11,26959.54513888889
2023-03-12,23650.069444444445
2023-03-13,21805.979166666668
2023-03-14,25996.260416666668
2023-03-15,26392.684027777777
2023-03-16,26469.58333333333
2023-03-17,26494.961805555555
2023-03-18,26373.465277777777
2023-03-19,23631.350694444445
2023-03-20,21582.246527777777
2023-03-21,25197.14583333333
2023-03-22,26191.649305555555
2023-03-23,25956.506944444445
2023-03-24,25994.881944444445
2023-03-25,26118.02083333333
2023-03-26,23031.60763888889
2023-03-27,21396.652777777777
2023-03-28,25315.288194444445
2023-03-29,25762.965277777777
2023-03-30,25541.625
2023-03-31,25407.916981132075
2023-04-01,22287.541666666668
2023-04-02,22167.947916666668
2023-04-03,20454.965277777777
2023-04-04,24091.822916666668
2023-04-05,24619.729166666668
2023-04-06,24047.70833333333
2023-04-07,21118.54861111111
2023-04-08,19250.375
2023-04-09,19857.618055555555
2023-04-10,19032.36111111111
2023-04-11,21266.71875
2023-04-12,23989.659722222223
2023-04-13,24939.9375
2023-04-14,24720.572916666668
2023-04-15,24934.621527777777
2023-04-16,22115.42013888889
2023-04-17,20275.09375
2023-04-18,24033.11458333333
2023-04-19,24737.840277777777
2023-04-20,24734.58333333333
2023-04-21,24815.45833333333
2023-04-22,24493.29513888889
2023-04-23,21830.666666666668
2023-04-24,20143.180555555555
2023-04-25,24143.680555555555
2023-04-26,25045.934027777777
2023-04-27,25264.760416666668
2023-04-28,25653.64236111111
2023-04-29,25178.243055555555
2023-04-30,22366.47924528302
2023-05-01,19352.0
2023-05-02,19481.756944444445
2023-05-03,23878.097222222223
2023-05-04,25036.67708333333
2023-05-05,25081.215277777777
2023-05-06,25028.29861111111
2023-05-07,21973.527777777777
2023-05-08,20702.14583333333
2023-05-09,24716.625
2023-05-10,25494.024305555555
2023-05-11,25149.972222222223
2023-05-12,24869.82986111111
2023-05-13,24428.39583333333
2023-05-14,21502.743055555555
2023-05-15,20065.805555555555
2023-05-16,23745.444444444445
2023-05-17,24658.42013888889
2023-05-18,24383.069444444445
2023-05-19,24523.125
2023-05-20,24333.760416666668
2023-05-21,21573.89583333333
2023-05-22,20124.434027777777
2023-05-23,24432.715277777777
2023-05-24,24854.729166666668
2023-05-25,24695.194444444445
2023-05-26,24661.51736111111
2023-05-27,24083.309027777777
2023-05-28,21039.57638888889
2023-05-29,19514.45138888889
2023-05-30,23668.131944444445
2023-05-31,24772.516981132077
2023-06-01,21896.45833333333
2023-06-02,25325.89236111111
2023-06-03,25151.92013888889
2023-06-04,21880.09375
2023-06-05,20437.180555555555
2023-06-06,24753.774305555555
2023-06-07,25668.715277777777
2023-06-08,26387.600694444445
2023-06-09,26180.73263888889
2023-06-10,25602.1875
2023-06-11,22507.753472222223
2023-06-12,21195.26388888889
2023-06-13,25655.82638888889
2023-06-14,26141.055555555555
2023-06-15,26436.58333333333
2023-06-16,26865.80208333333
2023-06-17,27204.08333333333
2023-06-18,24359.822916666668
2023-06-19,22355.73611111111
2023-06-20,26776.100694444445
2023-06-21,27499.565972222223
2023-06-22,27773.35763888889
2023-06-23,27624.993055555555
2023-06-24,27375.309027777777
2023-06-25,24207.055555555555
2023-06-26,23936.180555555555
2023-06-27,29744.13888888889
2023-06-28,30410.756944444445
2023-06-29,30452.163194444445
2023-06-30,30492.29433962264
2023-07-01,25373.58333333333
2023-07-02,24959.947916666668
2023-07-03,23914.159722222223
2023-07-04,29051.58333333333
2023-07-05,29371.590277777777
2023-07-06,29516.072916666668
2023-07-07,29701.277777777777
2023-07-08,29175.694444444445
2023-07-09,25501.972222222223
2023-07-10,24359.944444444445
2023-07-11,30578.45486111111
2023-07-12,32112.92013888889
2023-07-13,31734.340277777777
2023-07-14,31169.375
2023-07-15,31167.61458333333
2023-07-16,26852.26388888889
2023-07-17,24679.194444444445
2023-07-18,30690.965277777777
2023-07-19,32477.652777777777
2023-07-20,32789.631944444445
2023-07-21,31847.649305555555
2023-07-22,30052.70833333333
2023-07-23,26113.461805555555
2023-07-24,24932.80208333333
2023-07-25,29077.118055555555
2023-07-26,27748.211805555555
2023-07-27,28535.75
2023-07-28,29035.027777777777
2023-07-29,28648.17013888889
2023-07-30,26114.684027777777
2023-07-31,24807.04150943396
2023-08-01,26150.33333333333
2023-08-02,29113.14236111111
2023-08-03,29718.760416666668
2023-08-04,28464.86111111111
2023-08-05,26464.17013888889
2023-08-06,23588.36458333333
2023-08-07,22899.33333333333
2023-08-08,26389.04861111111
2023-08-09,27686.149305555555
2023-08-10,28537.625
2023-08-11,28933.52083333333
2023-08-12,28514.92361111111
2023-08-13,25979.222222222223
2023-08-14,24229.822916666668
2023-08-15,26078.25
2023-08-16,24218.059027777777
2023-08-17,26919.729166666668
2023-08-18,27211.875
2023-08-19,27199.70486111111
2023-08-20,25555.125
2023-08-21,25115.78125
2023-08-22,29866.402777777777
2023-08-23,30595.95138888889
2023-08-24,31196.82986111111
2023-08-25,31316.309027777777
2023-08-26,30854.253472222223
2023-08-27,26809.51736111111
2023-08-28,22345.07986111111
2023-08-29,25856.055555555555
2023-08-30,26585.01736111111
2023-08-31,27134.14716981132
2023-09-01,24824.0
2023-09-02,27378.197916666668
2023-09-03,23620.059027777777
2023-09-04,21902.14583333333
2023-09-05,26539.95138888889
2023-09-06,27339.381944444445
2023-09-07,27758.819444444445
2023-09-08,27986.07638888889
2023-09-09,27038.51388888889
2023-09-10,24002.45138888889
2023-09-11,22437.659722222223
2023-09-12,26054.840277777777
2023-09-13,27403.08333333333
2023-09-14,27346.041666666668
2023-09-15,27752.42013888889
2023-09-16,27228.399305555555
2023-09-17,23320.347222222223
2023-09-18,21869.979166666668
2023-09-19,25776.73611111111
2023-09-20,26421.125
2023-09-21,26091.319444444445
2023-09-22,26025.70833333333
2023-09-23,25198.36111111111
2023-09-24,21888.399305555555
2023-09-25,20695.065972222223
2023-09-26,25030.14583333333
2023-09-27,26154.95138888889
2023-09-28,26520.42708333333
2023-09-29,26750.48958333333
2023-09-30,26869.82641509434
2023-10-01,21272.08333333333
2023-10-02,21888.586805555555
2023-10-03,26383.815972222223
2023-10-04,26891.48611111111
2023-10-05,27005.819444444445
2023-10-06,26967.024305555555
2023-10-07,27078.26388888889
2023-10-08,23573.899305555555
2023-10-09,21935.246527777777
2023-10-10,25598.42013888889
2023-10-11,26349.64236111111
2023-10-12,26011.822916666668
2023-10-13,21804.80208333333
2023-10-14,23496.92361111111
2023-10-15,22002.743055555555
2023-10-16,20683.21875
2023-10-17,25505.871527777777
2023-10-18,26506.090277777777
2023-10-19,26481.90625
2023-10-20,26890.92361111111
2023-10-21,25581.65625
2023-10-22,21899.84375
2023-10-23,21215.04513888889
2023-10-24,25573.722222222223
2023-10-25,25719.354166666668
2023-10-26,26315.222222222223
2023-10-27,26910.8125
2023-10-28,26292.229166666668
2023-10-29,23037.854166666668
2023-10-30,21720.618055555555
2023-10-31,25788.638989169674
2023-11-01,23256.666666666668
2023-11-02,22860.27083333333
2023-11-03,26418.135416666668
2023-11-04,26677.371527777777
2023-11-05,23949.70833333333
2023-11-06,21879.305555555555
2023-11-07,26360.072916666668
2023-11-08,27209.034722222223
2023-11-09,27807.98611111111
2023-11-10,27418.972222222223
2023-11-11,27213.565972222223
2023-11-12,24081.71875
2023-11-13,22029.33333333333
2023-11-14,26314.065972222223
2023-11-15,26641.96875
2023-11-16,27038.01388888889
2023-11-17,27154.11458333333
2023-11-18,26644.02083333333
2023-11-19,23470.5625
2023-11-20,21783.072916666668
2023-11-21,26368.625
2023-11-22,27048.76736111111
2023-11-23,27503.819444444445
2023-11-24,27907.003472222223
2023-11-25,27934.59375
2023-11-26,24683.746527777777
2023-11-27,23406.65625
2023-11-28,28319.25
2023-11-29,28926.663194444445
2023-11-30,28958.039711191337
2023-12-01,24816.0
2023-12-02,28249.5
2023-12-03,25081.23611111111
2023-12-04,24343.125
2023-12-05,29205.85763888889
2023-12-06,29576.902777777777
2023-12-07,26354.46875
2023-12-08,27373.291666666668
2023-12-09,24718.04513888889
2023-12-10,24532.086805555555
2023-12-11,23395.409722222223
2023-12-12,27936.05208333333
2023-12-13,28666.625
2023-12-14,28922.572916666668
2023-12-15,29047.600694444445
2023-12-16,29055.246527777777
2023-12-17,25994.04861111111
2023-12-18,25033.586805555555
2023-12-19,29883.184027777777
2023-12-20,30253.0
2023-12-21,30430.534722222223
2023-12-22,29523.319444444445
2023-12-23,28004.79513888889
2023-12-24,24810.14236111111
2023-12-25,23084.07638888889
2023-12-26,21519.260416666668
2023-12-27,25735.315972222223
2023-12-28,27314.30208333333
2023-12-29,27768.555555555555
2023-12-30,27334.70486111111
2023-12-31,24497.007220216605
2024-01-01,21863.416666666668
2024-01-02,21456.166666666668
2024-01-03,27394.88888888889
2024-01-04,28213.625
2024-01-05,28478.315972222223
2024-01-06,27111.29861111111
2024-01-07,23720.59375
2024-01-08,24656.51736111111
2024-01-09,30755.725694444445
2024-01-10,32039.67361111111
2024-01-11,32209.309027777777
2024-01-12,31697.697916666668
2024-01-13,31576.61111111111
2024-01-14,27905.17708333333
2024-01-15,25611.847222222223
2024-01-16,30313.010416666668
2024-01-17,30252.402777777777
2024-01-18,29678.98611111111
2024-01-19,29228.96875
2024-01-20,30438.090277777777
2024-01-21,26581.23611111111
2024-01-22,24907.572916666668
2024-01-23,29545.82986111111
2024-01-24,29690.121527777777
2024-01-25,29215.73263888889
2024-01-26,28907.46875
2024-01-27,28501.166666666668
2024-01-28,24795.163194444445
2024-01-29,23242.871527777777
2024-01-30,28176.875
2024-01-31,29123.07942238267
2024-02-01,25311.416666666668
2024-02-02,28585.77083333333
2024-02-03,28204.659722222223
2024-02-04,24916.010416666668
2024-02-05,23395.26736111111
2024-02-06,28387.336805555555
2024-02-07,28859.75
2024-02-08,29249.194444444445
2024-02-09,29557.378472222223
2024-02-10,29507.385416666668
2024-02-11,25539.07638888889
2024-02-12,24684.777777777777
2024-02-13,27926.5
2024-02-14,27883.534722222223
2024-02-15,28064.11111111111
2024-02-16,28543.659722222223
2024-02-17,27940.11111111111
2024-02-18,23932.38888888889
2024-02-19,22660.01736111111
2024-02-20,26813.972222222223
2024-02-21,27322.45833333333
2024-02-22,28045.354166666668
2024-02-23,28188.878472222223
2024-02-24,27904.090277777777
2024-02-25,25269.684027777777
2024-02-26,24233.086805555555
2024-02-27,28488.60763888889
2024-02-28,28901.92013888889
2024-02-29,28318.74368231047
2024-03-01,25597.75
2024-03-02,28191.881944444445
2024-03-03,25748.006944444445
2024-03-04,23844.375
2024-03-05,28974.20138888889
2024-03-06,28294.70486111111
2024-03-07,28591.80208333333
2024-03-08,29073.36458333333
2024-03-09,28978.243055555555
2024-03-10,26545.51388888889
2024-03-11,23882.475694444445
2024-03-12,27957.36458333333
2024-03-13,27952.340277777777
2024-03-14,28002.76736111111
2024-03-15,28018.26736111111
2024-03-16,27329.14583333333
2024-03-17,23944.628472222223
2024-03-18,22221.496527777777
2024-03-19,25661.475694444445
2024-03-20,25432.944444444445
2024-03-21,26309.75
2024-03-22,26570.159722222223
2024-03-23,26371.791666666668
2024-03-24,22590.694444444445
2024-03-25,21335.70486111111
2024-03-26,26787.875
2024-03-27,27297.89236111111
2024-03-28,26814.444444444445
2024-03-29,23621.729166666668
2024-03-30,22020.57986111111
2024-03-31,22645.46570397112
2024-04-01,20948.416666666668
2024-04-02,23377.729166666668
2024-04-03,27051.197916666668
2024-04-04,26669.51388888889
2024-04-05,26148.461805555555
2024-04-06,25609.98263888889
2024-04-07,22715.184027777777
2024-04-08,21490.23263888889
2024-04-09,25247.444444444445
2024-04-10,25386.26736111111
2024-04-11,25597.631944444445
2024-04-12,25644.788194444445
2024-04-13,25527.5
2024-04-14,22269.940972222223
2024-04-15,20729.15625
2024-04-16,25184.11111111111
2024-04-17,25642.447916666668
2024-04-18,25345.4375
2024-04-19,25561.128472222223
2024-04-20,25716.61458333333
2024-04-21,22547.89583333333
2024-04-22,20842.5
2024-04-23,25029.729166666668
2024-04-24,25829.152777777777
2024-04-25,26160.78125
2024-04-26,26920.600694444445
2024-04-27,26327.76736111111
2024-04-28,23435.243055555555
2024-04-29,21903.07638888889
2024-04-30,26588.5320754717
2024-05-01,22566.041666666668
2024-05-02,21584.729166666668
2024-05-03,24715.89236111111
2024-05-04,25288.07638888889
2024-05-05,22658.256944444445
2024-05-06,21484.746527777777
2024-05-07,25308.649305555555
2024-05-08,25370.100694444445
2024-05-09,25757.85763888889
2024-05-10,25745.48958333333
2024-05-11,25223.940972222223
2024-05-12,22266.385416666668
2024-05-13,20848.590277777777
2024-05-14,25390.635416666668
2024-05-15,25892.73611111111
2024-05-16,25466.98263888889
2024-05-17,25818.291666666668
2024-05-18,25383.850694444445
2024-05-19,22454.496527777777
2024-05-20,21052.291666666668
2024-05-21,24831.472222222223
2024-05-22,25450.10763888889
2024-05-23,25639.527777777777
2024-05-24,25661.753472222223
2024-05-25,25450.26736111111
2024-05-26,22499.29513888889
2024-05-27,20910.315972222223
2024-05-28,25654.26736111111
2024-05-29,26332.6875
2024-05-30,26917.02083333333
2024-05-31,27086.73962264151
2024-06-01,23966.375
2024-06-02,23224.385416666668
2024-06-03,21652.756944444445
2024-06-04,26107.42708333333
2024-06-05,26474.371527777777
2024-06-06,27184.100694444445
2024-06-07,27712.75
2024-06-08,27586.284722222223
2024-06-09,23978.64236111111
2024-06-10,21691.08333333333
2024-06-11,25934.194444444445
2024-06-12,26178.902777777777
2024-06-13,25972.03125
2024-06-14,25395.98611111111
2024-06-15,26301.98263888889
2024-06-16,22959.63888888889
2024-06-17,21275.02083333333
2024-06-18,26655.07986111111
2024-06-19,27216.28125
2024-06-20,26805.21875
2024-06-21,26474.305555555555
2024-06-22,25877.819444444445
2024-06-23,23406.475694444445
2024-06-24,21819.024305555555
2024-06-25,25439.368055555555
2024-06-26,28135.666666666668
2024-06-27,28233.98958333333
2024-06-28,28272.524305555555
2024-06-29,27860.465277777777
2024-06-30,24594.837735849054
2024-07-01,22915.5
2024-07-02,26566.15625
2024-07-03,27385.902777777777
2024-07-04,28182.815972222223
2024-07-05,29205.885416666668
2024-07-06,29243.78125
2024-07-07,25325.065972222223
2024-07-08,23000.604166666668
2024-07-09,27620.590277777777
2024-07-10,28730.88888888889
2024-07-11,29789.71875
2024-07-12,30782.881944444445
2024-07-13,30172.784722222223
2024-07-14,25877.347222222223
2024-07-15,24083.197916666668
2024-07-16,29260.98263888889
2024-07-17,29766.45138888889
2024-07-18,30203.55208333333
2024-07-19,31034.180555555555
2024-07-20,31162.92708333333
2024-07-21,27512.29861111111
2024-07-22,24719.121527777777
2024-07-23,29110.597222222223
2024-07-24,30709.211805555555
2024-07-25,31532.413194444445
2024-07-26,30082.993055555555
2024-07-27,30124.618055555555
2024-07-28,27298.52083333333
2024-07-29,26053.29513888889
2024-07-30,31201.65625
2024-07-31,32282.709433962264
2024-08-01,29171.45833333333
2024-08-02,31852.152777777777
2024-08-03,30600.1875
2024-08-04,26902.774305555555
2024-08-05,25729.871527777777
2024-08-06,29450.194444444445
2024-08-07,29862.649305555555
2024-08-08,29878.90625
2024-08-09,29969.36111111111
2024-08-10,29894.385416666668
2024-08-11,27474.284722222223
2024-08-12,25915.54513888889
2024-08-13,29121.621527777777
2024-08-14,28519.965277777777
2024-08-15,27007.14583333333
2024-08-16,23751.159722222223
2024-08-17,25382.01736111111
2024-08-18,25038.215277777777
2024-08-19,24286.135416666668
2024-08-20,27626.229166666668
2024-08-21,28539.33333333333
2024-08-22,28867.885416666668
2024-08-23,29016.121527777777
2024-08-24,28862.881944444445
2024-08-25,26524.885416666668
2024-08-26,24801.104166666668
2024-08-27,28791.760416666668
2024-08-28,29874.60763888889
2024-08-29,30238.211805555555
2024-08-30,29898.690972222223
2024-08-31,29492.762264150944
2024-09-01,24283.20833333333
2024-09-02,24332.663194444445
2024-09-03,29116.98263888889
2024-09-04,29002.934027777777
2024-09-05,27922.336805555555
2024-09-06,27608.98263888889
2024-09-07,27490.03125
2024-09-08,24096.663194444445
2024-09-09,22476.01388888889
2024-09-10,26505.04861111111
2024-09-11,27336.33333333333
2024-09-12,26731.350694444445
2024-09-13,27607.684027777777
2024-09-14,26404.01388888889
2024-09-15,23274.98611111111
2024-09-16,21799.01736111111
2024-09-17,26514.67361111111
2024-09-18,26946.131944444445
2024-09-19,27132.1
