fecha,demanda,tmed,hrmed,diasem,trim,festivo
2019-01-01,23083.58,7.55,64.55,1,0,1
2019-01-02,29587.33,6.3,68.14,2,0,0
2019-01-03,31287.31,5.59,66.48,3,0,0
2019-01-04,31500.99,5.57,64.75,4,0,0
2019-01-05,28435.44,6.09,59.19,5,0,0
2019-01-06,26137.43,6.57,53.05,6,0,1
2019-01-07,30404.35,5.78,57.67,0,0,0
2019-01-08,33604.78,5.96,65.17,1,0,0
2019-01-09,33613.08,6.93,67.41,2,0,0
2019-01-10,34053.82,4.31,60.54,3,0,0
2019-01-11,34446.31,3.15,59.53,4,0,0
2019-01-12,30544.83,4.79,68.08,5,0,0
2019-01-13,28633.25,6.12,69.3,6,0,0
2019-01-14,33250.75,7.73,68.15,0,0,0
2019-01-15,33585.05,6.94,71.94,1,0,0
2019-01-16,33702.31,5.74,79.08,2,0,0
2019-01-17,33819.74,5.38,79.25,3,0,0
2019-01-18,33784.59,4.2,77.41,4,0,0
2019-01-19,30411.59,5.26,83.11,5,0,0
2019-01-20,28017.71,6.46,81.35,6,0,0
2019-01-21,33164.86,5.33,72.62,0,0,0
2019-01-22,34490.67,4.14,78.27,1,0,0
2019-01-23,34054.46,7.8,77.9,2,0,0
2019-01-24,33370.71,8.76,72.62,3,0,0
2019-01-25,32418.38,9.16,70.36,4,0,0
2019-01-26,28623.95,8.61,69.36,5,0,0
2019-01-27,26982.65,7.05,67.93,6,0,0
2019-01-28,32256.31,7.19,71.11,0,0,0
2019-01-29,32991.76,6.92,78.49,1,0,0
2019-01-30,33091.28,6.99,72.44,2,0,0
2019-01-31,28746.17,9.8,83.92,3,0,0
2019-02-01,32269.5,7.22,76.57,4,0,0
2019-02-02,29439.24,4.68,68.84,5,0,0
2019-02-03,27697.6,3.87,61.56,6,0,0
2019-02-04,33005.92,5.34,60.17,0,0,0
2019-02-05,32839.06,8.83,67.12,1,0,0
2019-02-06,32217.03,9.44,69.22,2,0,0
2019-02-07,31949.69,8.81,69.38,3,0,0
2019-02-08,31561.27,8.22,70.52,4,0,0
2019-02-09,28335.71,9.09,69.63,5,0,0
2019-02-10,26614.05,8.77,74.71,6,0,0
2019-02-11,30986.46,8.29,69.22,0,0,0
2019-02-12,31700.56,7.93,65.57,1,0,0
2019-02-13,31494.83,8.5,62.11,2,0,0
2019-02-14,31356.62,9.25,58.64,3,0,0
2019-02-15,31161.47,9.49,60.74,4,0,0
2019-02-16,27737.5,9.76,56.31,5,0,0
2019-02-17,25882.58,9.29,52.73,6,0,0
2019-02-18,30919.92,8.78,66.87,0,0,0
2019-02-19,31271.22,8.48,71.99,1,0,0
2019-02-20,31078.03,8.67,69.38,2,0,0
2019-02-21,31044.44,9.78,61.87,3,0,0
2019-02-22,30420.92,11.24,50.33,4,0,0
2019-02-23,27083.85,11.26,50.46,5,0,0
2019-02-24,25060.24,11.2,55.64,6,0,0
2019-02-25,29763.56,11.3,56.9,0,0,0
2019-02-26,30067.33,11.9,50.38,1,0,0
2019-02-27,30102.81,12.17,45.63,2,0,0
2019-02-28,26574.5,11.1,56.69,3,0,0
2019-03-01,29601.63,10.76,59.18,4,0,0
2019-03-02,26507.97,12.04,58.51,5,0,0
2019-03-03,24531.67,12.58,51.99,6,0,0
2019-03-04,28977.94,11.64,61.41,0,0,0
2019-03-05,29655.5,11.34,69.33,1,0,0
2019-03-06,30463.06,10.39,75.62,2,0,0
2019-03-07,30047.22,8.29,66.25,3,0,0
2019-03-08,29543.22,9.43,67.33,4,0,0
2019-03-09,26303.22,11.5,64.0,5,0,0
2019-03-10,24187.05,12.73,66.01,6,0,0
2019-03-11,28647.31,11.83,61.14,0,0,0
2019-03-12,29339.01,11.63,61.65,1,0,0
2019-03-13,29766.62,9.38,61.72,2,0,0
2019-03-14,29700.74,9.69,55.24,3,0,0
2019-03-15,29117.4,12.18,49.53,4,0,0
2019-03-16,25917.99,13.24,46.39,5,0,0
2019-03-17,24158.7,11.14,57.02,6,0,0
2019-03-18,28062.84,9.06,58.51,0,0,0
2019-03-19,27803.84,9.06,61.4,1,0,0
2019-03-20,29741.56,8.6,57.35,2,0,0
2019-03-21,29909.51,8.65,52.6,3,0,0
2019-03-22,29557.51,10.01,49.88,4,0,0
2019-03-23,26279.33,11.77,52.09,5,0,0
2019-03-24,24134.31,12.77,50.82,6,0,0
2019-03-25,28382.69,11.94,51.22,0,0,0
2019-03-26,28998.15,11.57,44.06,1,0,0
2019-03-27,29041.29,10.51,43.55,2,0,0
2019-03-28,29037.43,10.55,46.91,3,0,0
2019-03-29,28950.58,10.75,49.48,4,0,0
2019-03-30,26026.04,11.49,54.17,5,0,0
2019-03-31,23744.0,10.75,70.36,6,0,0
2019-04-01,29031.11,11.76,72.74,0,1,0
2019-04-02,29413.09,11.8,68.95,1,1,0
2019-04-03,29472.28,9.07,65.6,2,1,0
2019-04-04,29633.31,7.75,55.71,3,1,0
2019-04-05,30119.73,7.67,75.8,4,1,0
2019-04-06,26790.35,7.62,74.23,5,1,0
2019-04-07,25117.24,8.73,71.85,6,1,0
2019-04-08,29717.58,10.99,72.52,0,1,0
2019-04-09,30161.03,9.92,71.96,1,1,0
2019-04-10,30039.08,9.85,69.72,2,1,0
2019-04-11,29872.71,9.92,62.38,3,1,0
2019-04-12,29134.26,10.88,54.86,4,1,0
2019-04-13,25767.53,12.31,48.04,5,1,0
2019-04-14,23876.69,15.15,59.71,6,1,0
2019-04-15,28024.37,14.73,65.05,0,1,0
2019-04-16,28141.01,13.4,60.63,1,1,0
2019-04-17,27820.41,14.49,63.2,2,1,0
2019-04-18,24773.64,12.07,79.49,3,1,0
2019-04-19,22829.94,12.34,75.9,4,1,1
2019-04-20,23418.56,13.14,64.75,5,1,0
2019-04-21,22564.31,11.4,72.15,6,1,0
2019-04-22,24570.33,12.54,68.65,0,1,0
2019-04-23,27213.6,10.48,75.06,1,1,0
2019-04-24,24912.57285714286,9.94,75.55,2,1,0
2019-04-25,28963.12,10.85,70.7,3,1,0
2019-04-26,28243.96,11.26,61.03,4,1,0
2019-04-27,24787.66,12.87,60.34,5,1,0
2019-04-28,22412.73,14.56,54.38,6,1,0
2019-04-29,27019.23,15.27,55.87,0,1,0
2019-04-30,23705.92,15.77,57.5,1,1,0
2019-05-01,22824.96,15.55,59.09,2,1,1
2019-05-02,26607.14,14.98,60.03,3,1,0
2019-05-03,27389.42,12.62,64.5,4,1,0
2019-05-04,24834.12,13.1,57.77,5,1,0
2019-05-05,23068.03,13.04,49.53,6,1,0
2019-05-06,27422.05,14.03,52.65,0,1,0
2019-05-07,28218.9,15.47,61.78,1,1,0
2019-05-08,28478.1,15.72,63.68,2,1,0
2019-05-09,28427.24,15.14,65.85,3,1,0
2019-05-10,28138.51,18.19,62.57,4,1,0
2019-05-11,24949.8,16.74,54.27,5,1,0
2019-05-12,22979.95,16.68,43.79,6,1,0
2019-05-13,27399.63,17.11,40.21,0,1,0
2019-05-14,28270.08,17.47,41.97,1,1,0
2019-05-15,28170.23,18.65,43.05,2,1,0
2019-05-16,28485.58,16.8,56.96,3,1,0
2019-05-17,27727.08,12.27,62.16,4,1,0
2019-05-18,24621.01,11.71,57.83,5,1,0
2019-05-19,22958.78,12.48,56.36,6,1,0
2019-05-20,27372.33,13.7,53.57,0,1,0
2019-05-21,28034.85,15.67,54.65,1,1,0
2019-05-22,28341.9,17.04,51.53,2,1,0
2019-05-23,28333.21,18.22,53.27,3,1,0
2019-05-24,28057.52,15.61,64.54,4,1,0
2019-05-25,24859.47,15.88,58.48,5,1,0
2019-05-26,22790.69,16.59,54.99,6,1,0
2019-05-27,27690.3,17.62,55.34,0,1,0
2019-05-28,28422.78,16.89,52.56,1,1,0
2019-05-29,28334.6,16.75,49.11,2,1,0
2019-05-30,28487.03,18.63,45.1,3,1,0
2019-05-31,25303.75,20.42,42.19,4,1,0
2019-06-01,25636.05,21.43,38.7,5,1,0
2019-06-02,23901.74,21.53,39.68,6,1,0
2019-06-03,28791.37,21.44,43.95,0,1,0
2019-06-04,29314.99,19.4,52.6,1,1,0
2019-06-05,28639.89,15.13,55.66,2,1,0
2019-06-06,28345.0,15.38,50.69,3,1,0
2019-06-07,28157.23,15.44,50.43,4,1,0
2019-06-08,25236.1,16.14,49.69,5,1,0
2019-06-09,23375.51,17.72,52.29,6,1,0
2019-06-10,27288.67,16.59,52.35,0,1,0
2019-06-11,28099.76,14.47,57.12,1,1,0
2019-06-12,28359.4,14.82,49.69,2,1,0
2019-06-13,28533.4,16.71,53.93,3,1,0
2019-06-14,28335.88,16.84,53.62,4,1,0
2019-06-15,25373.51,17.12,48.68,5,1,0
2019-06-16,23535.05,18.31,47.18,6,1,0
2019-06-17,28252.92,20.11,45.68,0,1,0
2019-06-18,29012.74,20.8,45.46,1,1,0
2019-06-19,29244.26,20.22,55.81,2,1,0
2019-06-20,28833.79,19.5,61.61,3,1,0
2019-06-21,28662.99,18.91,59.58,4,1,0
2019-06-22,26175.05,20.47,50.91,5,1,0
2019-06-23,24407.86,22.18,49.58,6,1,0
2019-06-24,27041.55,21.68,55.73,0,1,0
2019-06-25,30324.24,22.41,56.54,1,1,0
2019-06-26,31347.76,24.37,51.66,2,1,0
2019-06-27,31997.06,25.48,46.06,3,1,0
2019-06-28,32435.96,26.12,42.1,4,1,0
2019-06-29,29637.72,26.43,40.77,5,1,0
2019-06-30,26860.67,25.15,46.93,6,1,0
2019-07-01,31667.82,23.46,55.26,0,2,0
2019-07-02,32049.26,22.87,55.99,1,2,0
2019-07-03,31953.01,23.65,54.02,2,2,0
2019-07-04,31949.43,23.63,52.45,3,2,0
2019-07-05,31888.5,23.85,50.04,4,2,0
2019-07-06,28695.17,23.92,48.69,5,2,0
2019-07-07,26640.23,23.75,50.85,6,2,0
2019-07-08,30653.83,21.78,62.57,0,2,0
2019-07-09,30419.26,20.8,59.26,1,2,0
2019-07-10,31045.99,22.54,48.65,2,2,0
2019-07-11,32404.92,24.85,44.34,3,2,0
2019-07-12,32588.1,25.72,45.23,4,2,0
2019-07-13,28740.22,24.45,54.13,5,2,0
2019-07-14,26070.71,22.98,57.1,6,2,0
2019-07-15,31442.88,23.4,49.86,0,2,0
2019-07-16,31800.56,23.18,51.6,1,2,0
2019-07-17,31397.86,22.81,58.65,2,2,0
2019-07-18,31757.1,23.04,52.87,3,2,0
2019-07-19,32194.97,24.61,46.95,4,2,0
2019-07-20,29081.5,25.4,49.89,5,2,0
2019-07-21,27152.24,25.55,52.04,6,2,0
2019-07-22,33046.3,27.04,46.4,0,2,0
2019-07-23,33848.56,27.08,44.06,1,2,0
2019-07-24,33880.63,26.53,44.42,2,2,0
2019-07-25,32794.84,25.77,47.74,3,2,0
2019-07-26,31656.31,22.2,58.25,4,2,0
2019-07-27,27184.69,19.74,63.63,5,2,0
2019-07-28,24896.23,20.64,52.6,6,2,0
2019-07-29,29991.81,21.8,49.98,0,2,0
2019-07-30,30667.86,21.07,48.63,1,2,0
2019-07-31,26839.5,21.68,53.46,2,2,0
2019-08-01,30934.84,23.47,54.56,3,2,0
2019-08-02,30722.94,23.83,49.82,4,2,0
2019-08-03,27503.24,24.47,48.54,5,2,0
2019-08-04,25821.35,24.61,51.26,6,2,0
2019-08-05,30430.62,24.67,50.14,0,2,0
2019-08-06,31121.15,24.76,51.22,1,2,0
2019-08-07,30756.81,23.71,57.3,2,2,0
2019-08-08,31371.81,25.29,52.07,3,2,0
2019-08-09,31356.26,24.26,54.09,4,2,0
2019-08-10,27939.78,23.22,53.69,5,2,0
2019-08-11,25340.31,21.6,54.97,6,2,0
2019-08-12,27856.31,19.8,49.11,0,2,0
2019-08-13,27900.31,20.47,49.08,1,2,0
2019-08-14,28360.26,22.12,48.94,2,2,0
2019-08-15,25825.26,23.36,52.06,3,2,1
2019-08-16,28173.33,24.05,49.01,4,2,0
2019-08-17,26976.58,25.04,47.3,5,2,0
2019-08-18,25503.33,23.81,53.2,6,2,0
2019-08-19,29360.26,22.0,57.86,0,2,0
2019-08-20,29137.06,21.27,59.89,1,2,0
2019-08-21,29097.65,22.01,61.06,2,2,0
2019-08-22,29340.05,22.59,51.44,3,2,0
2019-08-23,29301.65,23.52,45.23,4,2,0
2019-08-24,26747.57,23.84,47.59,5,2,0
2019-08-25,25072.85,23.48,54.63,6,2,0
2019-08-26,29686.12,22.11,64.27,0,2,0
2019-08-27,29472.38,21.19,66.05,1,2,0
2019-08-28,29971.82,22.71,58.05,2,2,0
2019-08-29,30628.96,24.03,55.64,3,2,0
2019-08-30,31197.84,24.52,54.6,4,2,0
2019-08-31,24857.25,23.94,55.11,5,2,0
2019-09-01,25602.89,22.51,60.02,6,2,0
2019-09-02,30302.07,21.67,56.92,0,2,0
2019-09-03,31465.22,22.16,51.68,1,2,0
2019-09-04,31655.15,22.07,53.87,2,2,0
2019-09-05,30642.68,20.05,55.98,3,2,0
2019-09-06,29570.76,18.88,53.6,4,2,0
2019-09-07,26221.69,19.15,53.63,5,2,0
2019-09-08,24367.77,19.4,58.23,6,2,0
2019-09-09,28638.19,19.2,55.75,0,2,0
2019-09-10,28554.17,16.21,57.41,1,2,0
2019-09-11,27331.13,17.44,58.41,2,2,0
2019-09-12,28220.27,19.08,59.28,3,2,0
2019-09-13,27735.58,19.34,64.81,4,2,0
2019-09-14,24853.22,20.15,67.72,5,2,0
2019-09-15,23521.26,20.72,72.58,6,2,0
2019-09-16,28519.41,21.25,70.53,0,2,0
2019-09-17,29259.36,21.8,67.39,1,2,0
2019-09-18,29312.66,20.72,67.45,2,2,0
2019-09-19,29442.69,20.63,66.27,3,2,0
2019-09-20,29050.63,20.33,69.73,4,2,0
2019-09-21,25606.78,19.03,76.89,5,2,0
2019-09-22,23597.74,18.03,70.14,6,2,0
2019-09-23,27787.68,17.6,63.69,0,2,0
2019-09-24,28666.92,19.41,61.97,1,2,0
2019-09-25,29067.17,18.62,62.41,2,2,0
2019-09-26,29160.72,19.46,60.01,3,2,0
2019-09-27,28919.08,19.4,60.56,4,2,0
2019-09-28,25440.72,19.41,58.63,5,2,0
2019-09-29,23603.25,20.16,55.44,6,2,0
2019-09-30,24435.5,20.54,58.87,0,2,0
2019-10-01,29211.28,19.68,59.34,1,3,0
2019-10-02,28771.65,17.28,59.28,2,3,0
2019-10-03,28340.69,17.33,56.4,3,3,0
2019-10-04,28291.66,18.11,61.99,4,3,0
2019-10-05,25177.47,18.31,63.13,5,3,0
2019-10-06,23385.88,17.96,62.75,6,3,0
2019-10-07,27994.4,19.04,51.7,0,3,0
2019-10-08,28790.32,19.66,58.41,1,3,0
2019-10-09,28093.59,18.18,63.69,2,3,0
2019-10-10,28531.85,17.8,62.59,3,3,0
2019-10-11,28091.24,19.15,63.23,4,3,0
2019-10-12,24228.61,20.65,62.32,5,3,1
2019-10-13,23198.16,19.39,65.48,6,3,0
2019-10-14,27892.33,15.38,74.68,0,3,0
2019-10-15,27767.31,12.58,63.14,1,3,0
2019-10-16,28032.5,14.26,61.16,2,3,0
2019-10-17,28147.1,15.34,68.75,3,3,0
2019-10-18,27583.97,15.97,73.27,4,3,0
2019-10-19,24887.23,15.08,76.05,5,3,0
2019-10-20,23057.89,11.33,80.06,6,3,0
2019-10-21,27569.15,10.73,75.1,0,3,0
2019-10-22,28623.85,9.94,83.78,1,3,0
2019-10-23,28862.98,10.92,83.42,2,3,0
2019-10-24,28677.53,12.08,77.11,3,3,0
2019-10-25,28311.15,14.6,69.46,4,3,0
2019-10-26,24890.16,15.61,63.97,5,3,0
2019-10-27,23201.29,15.47,69.09,6,3,0
2019-10-28,27737.88,15.98,73.33,0,3,0
2019-10-29,28366.17,15.87,77.43,1,3,0
2019-10-30,28456.91,15.62,78.65,2,3,0
2019-10-31,24309.17,17.06,78.03,3,3,0
2019-11-01,24002.64,17.31,80.64,4,3,1
2019-11-02,23958.97,15.85,78.43,5,3,0
2019-11-03,22979.01,13.83,69.21,6,3,0
2019-11-04,27852.01,13.56,75.54,0,3,0
2019-11-05,28649.62,10.93,73.07,1,3,0
2019-11-06,28773.03,10.52,73.43,2,3,0
2019-11-07,29332.46,9.26,74.84,3,3,0
2019-11-08,29683.8,7.69,69.68,4,3,0
2019-11-09,26563.11,8.46,73.97,5,3,0
2019-11-10,24729.8,7.43,74.31,6,3,0
2019-11-11,30133.33,8.57,78.04,0,3,0
2019-11-12,30548.26,9.17,72.93,1,3,0
2019-11-13,30665.63,10.95,77.65,2,3,0
2019-11-14,31341.33,7.17,78.56,3,3,0
2019-11-15,31330.02,5.42,75.17,4,3,0
2019-11-16,28011.76,5.23,73.19,5,3,0
2019-11-17,26461.76,6.69,83.03,6,3,0
2019-11-18,31121.65,6.84,75.86,0,3,0
2019-11-19,32164.37,6.04,75.74,1,3,0
2019-11-20,32426.69,6.49,81.61,2,3,0
2019-11-21,32371.24,8.24,83.48,3,3,0
2019-11-22,32100.14,9.74,87.65,4,3,0
2019-11-23,27608.23,8.76,74.22,5,3,0
2019-11-24,25746.97,8.39,76.3,6,3,0
2019-11-25,30570.37,11.5,82.33,0,3,0
2019-11-26,30947.87,12.42,81.42,1,3,0
2019-11-27,30458.85,11.47,76.98,2,3,0
2019-11-28,30534.44,11.3,81.81,3,3,0
2019-11-29,30111.03,11.97,81.94,4,3,0
2019-11-30,24416.5,10.95,82.6,5,3,0
2019-12-01,25331.03,8.69,84.0,6,3,0
2019-12-02,30202.11,7.78,80.62,0,3,0
2019-12-03,31106.51,6.22,79.66,1,3,0
2019-12-04,31498.98,6.98,83.16,2,3,0
2019-12-05,31176.52,8.34,82.49,3,3,0
2019-12-06,27109.19,8.73,81.33,4,3,1
2019-12-07,26605.81,8.67,82.06,5,3,0
2019-12-08,25490.86,8.0,86.46,6,3,1
2019-12-09,28727.24,8.85,76.14,0,3,0
2019-12-10,31119.9,8.09,71.55,1,3,0
2019-12-11,31628.54,7.48,74.98,2,3,0
2019-12-12,32246.97,8.03,81.16,3,3,0
2019-12-13,31112.81,11.92,78.06,4,3,0
2019-12-14,27419.61,10.44,75.82,5,3,0
2019-12-15,25926.89,10.04,77.08,6,3,0
2019-12-16,30733.1,9.66,75.07,0,3,0
2019-12-17,31205.47,8.44,83.45,1,3,0
2019-12-18,31232.29,8.59,76.43,2,3,0
2019-12-19,31179.5,10.54,83.87,3,3,0
2019-12-20,29421.17,11.64,86.29,4,3,0
2019-12-21,25836.74,12.85,81.23,5,3,0
2019-12-22,24030.64,11.18,73.22,6,3,0
2019-12-23,26308.62,10.24,72.78,0,3,0
2019-12-24,23938.25,11.61,75.5,1,3,0
2019-12-25,20877.48,11.41,71.96,2,3,1
2019-12-26,24491.81,9.75,74.39,3,3,0
2019-12-27,26400.42,8.22,72.92,4,3,0
2019-12-28,25204.87,8.58,69.58,5,3,0
2019-12-29,24088.1,8.05,70.56,6,3,0
2019-12-30,27096.79,7.24,73.2,0,3,0
2019-12-31,23001.0,6.79,76.57,1,3,0
2020-01-01,22738.1,6.62,75.9,2,0,1
2020-01-02,28652.77,6.25,75.85,3,0,0
2020-01-03,29727.22,6.01,83.05,4,0,0
2020-01-04,27324.22,6.26,82.27,5,0,0
2020-01-05,25797.53,6.6,75.14,6,0,0
2020-01-06,25021.19,6.21,75.54,0,0,1
2020-01-07,31419.66,7.02,72.19,1,0,0
2020-01-08,32529.97,8.08,72.54,2,0,0
2020-01-09,32738.31,7.69,78.96,3,0,0
2020-01-10,32554.17,6.41,75.92,4,0,0
2020-01-11,29169.91,5.7,72.13,5,0,0
2020-01-12,27683.69,5.28,70.96,6,0,0
2020-01-13,33264.85,5.2,70.04,0,0,0
2020-01-14,33531.08,6.49,71.3,1,0,0
2020-01-15,33072.36,8.15,75.37,2,0,0
2020-01-16,32729.58,9.53,71.56,3,0,0
2020-01-17,32194.76,8.25,73.06,4,0,0
2020-01-18,28787.91,7.92,81.82,5,0,0
2020-01-19,27239.33,5.87,70.31,6,0,0
2020-01-20,33673.14,3.7,67.84,0,0,0
2020-01-21,34465.59,4.99,81.12,1,0,0
2020-01-22,33662.0,6.87,84.66,2,0,0
2020-01-23,33093.65,6.78,84.66,3,0,0
2020-01-24,32658.43,7.52,83.98,4,0,0
2020-01-25,28977.11,7.3,87.69,5,0,0
2020-01-26,26704.79,7.1,81.4,6,0,0
2020-01-27,32063.39,7.72,79.84,0,0,0
2020-01-28,32022.51,10.15,82.21,1,0,0
2020-01-29,31469.39,11.0,83.1,2,0,0
2020-01-30,31075.46,11.11,78.7,3,0,0
2020-01-31,27010.83,12.28,80.68,4,0,0
2020-02-01,26866.88,13.43,81.81,5,0,0
2020-02-02,24820.08,13.79,74.93,6,0,0
2020-02-03,28998.24,14.06,67.47,0,0,0
2020-02-04,29612.74,11.8,72.07,1,0,0
2020-02-05,29996.04,8.91,67.76,2,0,0
2020-02-06,30462.37,8.79,69.28,3,0,0
2020-02-07,30644.28,9.22,76.55,4,0,0
2020-02-08,27544.4,8.8,82.61,5,0,0
2020-02-09,25700.82,9.74,78.96,6,0,0
2020-02-10,29818.93,12.51,75.4,0,0,0
2020-02-11,30261.05,11.73,78.2,1,0,0
2020-02-12,30428.07,11.1,82.78,2,0,0
2020-02-13,30173.81,11.36,79.24,3,0,0
2020-02-14,29994.31,10.67,76.71,4,0,0
2020-02-15,26698.28,10.64,73.93,5,0,0
2020-02-16,24857.94,12.21,70.53,6,0,0
2020-02-17,29359.52,10.5,77.34,0,0,0
2020-02-18,30325.31,8.67,75.19,1,0,0
2020-02-19,30303.28,8.73,68.64,2,0,0
2020-02-20,30238.35,9.35,65.45,3,0,0
2020-02-21,29793.28,10.37,62.93,4,0,0
2020-02-22,26497.74,11.25,58.48,5,0,0
2020-02-23,24435.86,11.84,55.04,6,0,0
2020-02-24,29039.97,11.78,53.58,0,0,0
2020-02-25,29460.58,10.72,63.88,1,0,0
2020-02-26,29810.53,9.67,63.91,2,0,0
2020-02-27,29707.26,10.92,60.4,3,0,0
2020-02-28,28921.55,11.9,56.82,4,0,0
2020-02-29,24482.67,11.11,68.71,5,0,0
2020-03-01,24737.21,11.99,68.73,6,0,0
2020-03-02,29332.22,9.76,68.51,0,0,0
2020-03-03,30427.64,10.22,73.51,1,0,0
2020-03-04,29979.08,13.03,72.97,2,0,0
2020-03-05,29859.44,11.09,71.05,3,0,0
2020-03-06,30008.56,7.88,64.68,4,0,0
2020-03-07,26929.17,9.05,62.83,5,0,0
2020-03-08,24925.98,9.84,64.3,6,0,0
2020-03-09,29274.67,10.9,60.28,0,0,0
2020-03-10,29457.42,13.12,57.47,1,0,0
2020-03-11,29516.45,15.26,57.56,2,0,0
2020-03-12,29236.31,15.09,63.34,3,0,0
2020-03-13,28795.53,12.31,70.82,4,0,0
2020-03-14,25324.9,11.97,65.32,5,0,0
2020-03-15,23625.31,11.49,71.46,6,0,0
2020-03-16,27793.62,7.52,80.38,0,0,0
2020-03-17,27912.19,9.99,79.01,1,0,0
2020-03-18,27028.51,12.65,71.92,2,0,0
2020-03-19,25203.06,12.21,70.65,3,0,0
2020-03-20,25689.12,11.16,75.65,4,0,0
2020-03-21,24341.56,10.0,78.56,5,0,0
2020-03-22,23085.06,10.01,80.28,6,0,0
2020-03-23,25915.72,10.59,79.25,0,0,0
2020-03-24,26199.74,10.97,72.75,1,0,0
2020-03-25,26281.72,9.76,69.85,2,0,0
2020-03-26,26106.19,8.62,61.64,3,0,0
2020-03-27,26423.46,7.24,65.63,4,0,0
2020-03-28,23868.3,9.17,61.44,5,0,0
2020-03-29,22096.34,10.18,63.02,6,0,0
2020-03-30,24299.43,6.74,73.22,0,0,0
2020-03-31,21727.42,6.8,85.8,1,0,0
2020-04-01,23906.65,9.5,80.15,2,1,0
2020-04-02,23678.97,9.34,77.38,3,1,0
2020-04-03,23110.9,9.98,64.17,4,1,0
2020-04-04,21430.26,11.09,61.01,5,1,0
2020-04-05,20503.74,13.01,67.71,6,1,0
2020-04-06,22593.58,12.95,79.87,0,1,0
2020-04-07,22468.62,13.85,79.03,1,1,0
2020-04-08,22057.4,14.39,72.25,2,1,0
2020-04-09,21071.67,13.9,75.44,3,1,0
2020-04-10,20208.14,13.81,77.51,4,1,1
2020-04-11,20566.42,13.98,74.08,5,1,0
2020-04-12,19845.54,13.84,68.74,6,1,0
2020-04-13,21542.95,12.75,76.79,0,1,0
2020-04-14,21243.329999999998,13.64,75.52,1,1,0
2020-04-15,23944.59,12.84,78.97,2,1,0
2020-04-16,23921.61,13.95,75.99,3,1,0
2020-04-17,23742.16,14.23,75.4,4,1,0
2020-04-18,21838.73,14.4,76.55,5,1,0
2020-04-19,20593.77,13.6,80.45,6,1,0
2020-04-20,23279.91,12.85,75.42,0,1,0
2020-04-21,24040.42,11.6,82.26,1,1,0
2020-04-22,24132.72,13.07,75.11,2,1,0
2020-04-23,24025.0,14.25,72.88,3,1,0
2020-04-24,23735.7,15.5,70.77,4,1,0
2020-04-25,22058.99,14.49,78.51,5,1,0
2020-04-26,20710.4,14.17,78.9,6,1,0
2020-04-27,23532.65,13.09,77.31,0,1,0
2020-04-28,23985.3,12.66,68.24,1,1,0
2020-04-29,24229.26,13.13,65.84,2,1,0
2020-04-30,20967.08,14.57,67.16,3,1,0
2020-05-01,20583.23,16.86,69.62,4,1,1
2020-05-02,21060.94,18.41,62.78,5,1,0
2020-05-03,20438.97,19.23,55.84,6,1,0
2020-05-04,23358.35,20.23,54.33,0,1,0
2020-05-05,24215.95,17.7,57.17,1,1,0
2020-05-06,24414.22,17.56,55.48,2,1,0
2020-05-07,24063.59,18.75,58.62,3,1,0
2020-05-08,23740.22,18.72,61.83,4,1,0
2020-05-09,21565.18,16.67,69.62,5,1,0
2020-05-10,20225.56,14.0,75.72,6,1,0
2020-05-11,23529.96,15.03,70.04,0,1,0
2020-05-12,24674.68,13.51,81.21,1,1,0
2020-05-13,24414.14,14.27,73.52,2,1,0
2020-05-14,24479.75,12.54,82.26,3,1,0
2020-05-15,23877.47,12.85,78.4,4,1,0
2020-05-16,21756.8,13.79,72.88,5,1,0
2020-05-17,20530.85,14.87,62.29,6,1,0
2020-05-18,23727.67,16.51,54.39,0,1,0
2020-05-19,24401.31,18.54,51.5,1,1,0
2020-05-20,25023.53,19.84,49.21,2,1,0
2020-05-21,25267.88,20.7,50.93,3,1,0
2020-05-22,25380.94,21.33,53.56,4,1,0
2020-05-23,23015.58,19.95,57.53,5,1,0
2020-05-24,21657.65,19.62,57.49,6,1,0
2020-05-25,25124.76,19.64,61.66,0,1,0
2020-05-26,25712.4,19.75,57.79,1,1,0
2020-05-27,25896.9,20.47,53.41,2,1,0
2020-05-28,25747.92,20.85,49.44,3,1,0
2020-05-29,25665.16,20.9,48.13,4,1,0
2020-05-30,23366.43,20.74,51.06,5,1,0
2020-05-31,21225.33,20.38,59.98,6,1,0
2020-06-01,25041.36,20.07,60.7,0,1,0
2020-06-02,26063.55,20.54,60.55,1,1,0
2020-06-03,26421.83,19.58,66.77,2,1,0
2020-06-04,25822.15,16.54,69.16,3,1,0
2020-06-05,25401.0,17.59,56.33,4,1,0
2020-06-06,22950.63,18.63,61.21,5,1,0
2020-06-07,21265.23,16.07,66.42,6,1,0
2020-06-08,24836.68,14.9,60.95,0,1,0
2020-06-09,25483.05,15.3,56.53,1,1,0
2020-06-10,25945.49,16.41,55.62,2,1,0
2020-06-11,25881.33,16.39,63.61,3,1,0
2020-06-12,25600.14,15.09,63.2,4,1,0
2020-06-13,22941.14,15.99,58.05,5,1,0
2020-06-14,21418.31,17.01,55.68,6,1,0
2020-06-15,25605.19,18.06,56.49,0,1,0
2020-06-16,26087.86,17.9,64.44,1,1,0
2020-06-17,26116.13,17.34,60.16,2,1,0
2020-06-18,26066.31,18.04,59.48,3,1,0
2020-06-19,26151.93,18.96,56.9,4,1,0
2020-06-20,24134.12,20.51,52.07,5,1,0
2020-06-21,22914.96,21.68,49.81,6,1,0
2020-06-22,27522.98,23.16,47.11,0,1,0
2020-06-23,28349.51,24.28,45.89,1,1,0
2020-06-24,26629.11,23.97,53.51,2,1,0
2020-06-25,28553.55,22.84,57.08,3,1,0
2020-06-26,27879.9,21.49,56.66,4,1,0
2020-06-27,25310.75,21.74,55.68,5,1,0
2020-06-28,24276.51,22.99,56.27,6,1,0
2020-06-29,29333.06,23.43,54.37,0,1,0
2020-06-30,26770.0,24.12,52.82,1,1,0
2020-07-01,30427.67,23.73,53.92,2,2,0
2020-07-02,30436.67,21.66,55.36,3,2,0
2020-07-03,29105.9,20.49,51.85,4,2,0
2020-07-04,26235.06,21.87,47.38,5,2,0
2020-07-05,25060.78,24.02,45.31,6,2,0
2020-07-06,30351.25,23.86,50.27,0,2,0
2020-07-07,31062.31,24.41,43.26,1,2,0
2020-07-08,31119.84,24.49,49.28,2,2,0
2020-07-09,30607.5,23.87,53.85,3,2,0
2020-07-10,29939.94,22.75,56.02,4,2,0
2020-07-11,27111.43,23.79,52.69,5,2,0
2020-07-12,25038.5,24.09,58.79,6,2,0
2020-07-13,29962.08,23.39,53.83,0,2,0
2020-07-14,29946.0,22.08,50.87,1,2,0
2020-07-15,30090.18,21.69,52.45,2,2,0
2020-07-16,30192.86,22.97,48.89,3,2,0
2020-07-17,29905.54,23.41,47.36,4,2,0
2020-07-18,27075.54,24.0,47.57,5,2,0
2020-07-19,25574.11,24.92,49.59,6,2,0
2020-07-20,30634.13,25.17,49.6,0,2,0
2020-07-21,31149.2,24.85,53.45,1,2,0
2020-07-22,30889.35,24.65,53.7,2,2,0
2020-07-23,31324.96,25.01,49.34,3,2,0
2020-07-24,31045.42,24.49,49.57,4,2,0
2020-07-25,27614.96,24.75,46.97,5,2,0
2020-07-26,26306.24,25.64,47.31,6,2,0
2020-07-27,31658.1,26.87,47.07,0,2,0
2020-07-28,32232.41,25.58,52.83,1,2,0
2020-07-29,32308.59,25.92,51.62,2,2,0
2020-07-30,32975.2,27.54,47.51,3,2,0
2020-07-31,28573.25,26.72,46.99,4,2,0
2020-08-01,28857.78,25.84,48.53,5,2,0
2020-08-02,26360.92,23.9,52.0,6,2,0
2020-08-03,29388.31,22.54,51.25,0,2,0
2020-08-04,29644.72,22.88,51.94,1,2,0
2020-08-05,30398.36,24.44,47.4,2,2,0
2020-08-06,30774.9,26.39,44.76,3,2,0
2020-08-07,30678.54,27.12,46.72,4,2,0
2020-08-08,27574.92,26.75,47.54,5,2,0
2020-08-09,26004.72,26.51,48.0,6,2,0
2020-08-10,29140.86,25.01,52.79,0,2,0
2020-08-11,28857.82,23.53,63.78,1,2,0
2020-08-12,27992.47,21.87,64.52,2,2,0
2020-08-13,28259.81,22.19,56.9,3,2,0
2020-08-14,27896.4,22.48,55.31,4,2,0
2020-08-15,24541.62,21.72,54.91,5,2,1
2020-08-16,23103.62,20.61,51.32,6,2,0
2020-08-17,26769.66,21.43,57.85,0,2,0
2020-08-18,27942.19,22.69,59.68,1,2,0
2020-08-19,28638.31,24.2,45.86,2,2,0
2020-08-20,28775.97,24.2,46.38,3,2,0
2020-08-21,29123.08,23.54,56.9,4,2,0
2020-08-22,26393.52,23.04,53.6,5,2,0
2020-08-23,24457.01,22.65,51.97,6,2,0
2020-08-24,29099.38,23.14,52.51,0,2,0
2020-08-25,30667.95,24.58,50.07,1,2,0
2020-08-26,31334.39,25.28,51.45,2,2,0
2020-08-27,31547.15,25.41,52.79,3,2,0
2020-08-28,30193.72,21.73,57.9,4,2,0
2020-08-29,24513.54,17.55,56.23,5,2,0
2020-08-30,22355.88,16.63,52.8,6,2,0
2020-08-31,24262.0,17.74,48.95,0,2,0
2020-09-01,27785.08,19.53,49.91,1,2,0
2020-09-02,28190.49,19.98,52.01,2,2,0
2020-09-03,28577.64,21.46,48.74,3,2,0
2020-09-04,28719.58,22.78,48.24,4,2,0
2020-09-05,25637.51,22.2,55.95,5,2,0
2020-09-06,23743.05,21.32,56.98,6,2,0
2020-09-07,27483.11,19.47,53.47,0,2,0
2020-09-08,27722.02,19.2,51.25,1,2,0
2020-09-09,28521.07,20.31,53.58,2,2,0
2020-09-10,28655.09,21.17,52.57,3,2,0
2020-09-11,27745.67,22.03,50.62,4,2,0
2020-09-12,25756.15,22.86,47.66,5,2,0
2020-09-13,24112.37,23.77,45.63,6,2,0
2020-09-14,28823.59,23.05,52.45,0,2,0
2020-09-15,29569.49,22.23,60.89,1,2,0
2020-09-16,29946.99,22.05,58.71,2,2,0
2020-09-17,29365.96,22.2,63.87,3,2,0
2020-09-18,28233.99,19.36,75.43,4,2,0
2020-09-19,24583.74,18.44,75.44,5,2,0
2020-09-20,22765.61,18.58,73.59,6,2,0
2020-09-21,27259.1,18.81,68.47,0,2,0
2020-09-22,28005.56,18.57,65.81,1,2,0
2020-09-23,28200.42,19.22,70.02,2,2,0
2020-09-24,28124.1,18.28,67.74,3,2,0
2020-09-25,27140.13,14.69,57.62,4,2,0
2020-09-26,23882.88,14.49,61.55,5,2,0
2020-09-27,22232.0,14.89,57.46,6,2,0
2020-09-28,26554.38,15.37,54.91,0,2,0
2020-09-29,27734.5,17.16,54.28,1,2,0
2020-09-30,24360.25,17.37,59.11,2,2,0
2020-10-01,27792.49,17.02,63.44,3,3,0
2020-10-02,27500.4,12.63,74.25,4,3,0
2020-10-03,23972.41,11.73,63.36,5,3,0
2020-10-04,22616.86,12.56,67.84,6,3,0
2020-10-05,26977.64,13.79,64.06,0,3,0
2020-10-06,27578.06,16.81,67.05,1,3,0
2020-10-07,27796.53,18.19,65.2,2,3,0
2020-10-08,27905.68,18.21,64.66,3,3,0
2020-10-09,26977.3,17.95,66.61,4,3,0
2020-10-10,24018.49,16.12,68.23,5,3,0
2020-10-11,22163.53,13.31,61.1,6,3,0
2020-10-12,22613.17,12.81,58.21,0,3,1
2020-10-13,26919.52,14.19,62.46,1,3,0
2020-10-14,27885.88,11.85,64.83,2,3,0
2020-10-15,28034.6,10.59,62.63,3,3,0
2020-10-16,27880.98,10.22,60.41,4,3,0
2020-10-17,24994.27,11.49,59.91,5,3,0
2020-10-18,23099.28,13.5,58.21,6,3,0
2020-10-19,27523.14,15.42,54.38,0,3,0
2020-10-20,28267.72,16.09,74.64,1,3,0
2020-10-21,28011.54,16.13,74.39,2,3,0
2020-10-22,28184.78,14.67,83.64,3,3,0
2020-10-23,27540.84,13.01,75.66,4,3,0
2020-10-24,24476.31,12.38,73.08,5,3,0
2020-10-25,22902.49,12.17,76.24,6,3,0
2020-10-26,27349.28,10.13,69.43,0,3,0
2020-10-27,28224.85,10.83,71.03,1,3,0
2020-10-28,28473.12,13.02,75.33,2,3,0
2020-10-29,28505.39,13.66,72.74,3,3,0
2020-10-30,28192.65,14.34,68.6,4,3,0
2020-10-31,22194.33,15.13,68.02,5,3,0
2020-11-01,22779.62,15.89,70.6,6,3,1
2020-11-02,25707.02,15.59,72.95,0,3,0
2020-11-03,27786.44,12.23,78.93,1,3,0
2020-11-04,28936.71,9.91,82.62,2,3,0
2020-11-05,28918.65,12.11,82.15,3,3,0
2020-11-06,28111.4,15.12,75.19,4,3,0
2020-11-07,25013.2,13.33,82.45,5,3,0
2020-11-08,23132.34,12.98,78.39,6,3,0
2020-11-09,27459.61,12.52,80.8,0,3,0
2020-11-10,28330.62,11.82,81.02,1,3,0
2020-11-11,28619.6,11.53,77.62,2,3,0
2020-11-12,28641.36,12.48,76.39,3,3,0
2020-11-13,28388.47,12.56,77.27,4,3,0
2020-11-14,25402.13,12.61,84.38,5,3,0
2020-11-15,23173.92,14.67,82.26,6,3,0
2020-11-16,27577.22,13.24,79.3,0,3,0
2020-11-17,28456.15,13.0,76.74,1,3,0
2020-11-18,28640.12,13.98,75.31,2,3,0
2020-11-19,28329.47,13.15,76.71,3,3,0
2020-11-20,28158.95,10.77,66.25,4,3,0
2020-11-21,25622.55,9.9,63.76,5,3,0
2020-11-22,24261.81,9.42,67.9,6,3,0
2020-11-23,29192.1,9.16,69.42,0,3,0
2020-11-24,30309.92,8.8,71.89,1,3,0
2020-11-25,30500.38,9.17,80.93,2,3,0
2020-11-26,30375.7,10.45,83.22,3,3,0
2020-11-27,30102.13,10.08,84.3,4,3,0
2020-11-28,26746.95,9.4,83.59,5,3,0
2020-11-29,25135.17,10.2,81.01,6,3,0
2020-11-30,25624.0,10.04,80.56,0,3,0
2020-12-01,29772.17,9.05,74.68,1,3,0
2020-12-02,30149.15,7.07,68.37,2,3,0
2020-12-03,31039.28,6.01,69.96,3,3,0
2020-12-04,31181.02,5.11,77.95,4,3,0
2020-12-05,28333.12,3.92,76.15,5,3,0
2020-12-06,26436.93,5.01,77.34,6,3,1
2020-12-07,27855.22,7.73,80.6,0,3,0
2020-12-08,27131.58,6.42,75.81,1,3,1
2020-12-09,31699.75,6.0,75.11,2,3,0
2020-12-10,32050.36,9.79,85.23,3,3,0
2020-12-11,31003.14,12.24,86.21,4,3,0
2020-12-12,26848.49,10.6,74.78,5,3,0
2020-12-13,25553.06,10.62,80.98,6,3,0
2020-12-14,30216.38,10.66,85.01,0,3,0
2020-12-15,30532.78,9.01,78.59,1,3,0
2020-12-16,31174.72,8.41,80.55,2,3,0
2020-12-17,31102.83,8.27,84.11,3,3,0
2020-12-18,30888.36,8.03,84.69,4,3,0
2020-12-19,27569.35,8.37,87.74,5,3,0
2020-12-20,25664.25,8.61,84.0,6,3,0
2020-12-21,29831.56,9.86,84.57,0,3,0
2020-12-22,29758.4,11.23,82.51,1,3,0
2020-12-23,28842.12,9.74,84.25,2,3,0
2020-12-24,25371.63,7.53,81.07,3,3,0
2020-12-25,22567.3,4.97,68.51,4,3,1
2020-12-26,25321.36,3.8,64.69,5,3,0
2020-12-27,25604.74,4.08,67.47,6,3,0
2020-12-28,28849.01,6.02,72.76,0,3,0
2020-12-29,29071.9,4.83,75.98,1,3,0
2020-12-30,29235.28,4.24,74.27,2,3,0
2020-12-31,24722.83,4.5,78.71,3,3,0
2021-01-01,23900.12,3.77,77.73,4,0,1
2021-01-02,26971.02,2.31,72.75,5,0,0
2021-01-03,27069.83,2.51,71.89,6,0,0
2021-01-04,31798.51,2.22,77.33,0,0,0
2021-01-05,32257.47,1.93,77.44,1,0,0
2021-01-06,27918.88,1.76,74.97,2,0,1
2021-01-07,34269.9,1.27,83.83,3,0,0
2021-01-08,34907.37,1.11,82.21,4,0,0
2021-01-09,30855.35,1.24,86.48,5,0,0
2021-01-10,29380.51,1.93,81.48,6,0,0
2021-01-11,34095.62,1.72,73.71,0,0,0
2021-01-12,35252.53,1.92,71.44,1,0,0
2021-01-13,35148.13,3.68,70.24,2,0,0
2021-01-14,35000.12,3.95,72.52,3,0,0
2021-01-15,34542.41,4.89,73.89,4,0,0
2021-01-16,30677.78,5.12,65.87,5,0,0
2021-01-17,28542.98,6.03,66.99,6,0,0
2021-01-18,33444.72,6.44,73.82,0,0,0
2021-01-19,34052.82,5.79,72.96,1,0,0
2021-01-20,34050.81,7.12,82.33,2,0,0
2021-01-21,32799.32,9.79,80.2,3,0,0
2021-01-22,31794.81,8.52,76.51,4,0,0
2021-01-23,28570.86,8.18,79.75,5,0,0
2021-01-24,26109.01,9.32,74.82,6,0,0
2021-01-25,31113.63,9.63,87.54,0,0,0
2021-01-26,30793.56,10.41,87.08,1,0,0
2021-01-27,29953.29,12.95,84.42,2,0,0
2021-01-28,29673.92,13.31,79.04,3,0,0
2021-01-29,29048.65,12.72,78.31,4,0,0
2021-01-30,26732.68,10.35,73.51,5,0,0
2021-01-31,24190.83,10.71,77.77,6,0,0
2021-02-01,29144.69,12.13,71.73,0,0,0
2021-02-02,29708.72,11.9,76.76,1,0,0
2021-02-03,29611.99,11.28,75.65,2,0,0
2021-02-04,29536.06,10.57,80.24,3,0,0
2021-02-05,29511.33,10.15,81.66,4,0,0
2021-02-06,26562.72,8.28,83.74,5,0,0
2021-02-07,25218.54,6.72,77.66,6,0,0
2021-02-08,30249.6,8.46,80.54,0,0,0
2021-02-09,31655.03,8.26,81.95,1,0,0
2021-02-10,30703.9,9.37,75.22,2,0,0
2021-02-11,30330.26,10.99,81.42,3,0,0
2021-02-12,29693.55,10.63,78.05,4,0,0
2021-02-13,26387.6,9.94,72.54,5,0,0
2021-02-14,25162.62,9.7,71.79,6,0,0
2021-02-15,29671.73,10.44,70.51,0,0,0
2021-02-16,30013.41,10.44,70.27,1,0,0
2021-02-17,30048.6,10.9,71.27,2,0,0
2021-02-18,30132.6,10.75,68.62,3,0,0
2021-02-19,29859.8,11.18,62.67,4,0,0
2021-02-20,26621.07,11.77,58.94,5,0,0
2021-02-21,25490.53,9.16,76.44,6,0,0
2021-02-22,29665.26,7.85,76.01,0,0,0
2021-02-23,29946.49,9.42,68.17,1,0,0
2021-02-24,29879.52,11.21,68.55,2,0,0
2021-02-25,29758.15,10.36,76.63,3,0,0
2021-02-26,29571.28,10.82,75.17,4,0,0
2021-02-27,26505.22,9.99,70.92,5,0,0
2021-02-28,24005.17,8.71,74.27,6,0,0
2021-03-01,29204.39,9.59,77.14,0,0,0
2021-03-02,29942.79,10.69,75.71,1,0,0
2021-03-03,29753.05,11.1,75.01,2,0,0
2021-03-04,29514.83,10.69,73.23,3,0,0
2021-03-05,29307.09,10.03,75.71,4,0,0
2021-03-06,26049.53,9.5,75.17,5,0,0
2021-03-07,24679.48,8.96,80.6,6,0,0
2021-03-08,29637.97,8.09,78.8,0,0,0
2021-03-09,30281.28,7.39,71.17,1,0,0
2021-03-10,29913.59,8.33,63.96,2,0,0
2021-03-11,29467.98,11.4,68.72,3,0,0
2021-03-12,28993.22,9.85,67.66,4,0,0
2021-03-13,25636.95,9.09,64.08,5,0,0
2021-03-14,24131.62,9.6,64.27,6,0,0
2021-03-15,28820.23,10.0,61.73,0,0,0
2021-03-16,29234.86,10.65,61.13,1,0,0
2021-03-17,29218.4,11.34,57.57,2,0,0
2021-03-18,29547.15,8.29,59.66,3,0,0
2021-03-19,28042.21,6.9,69.38,4,0,0
2021-03-20,26595.08,6.17,53.85,5,0,0
2021-03-21,25026.09,7.04,55.65,6,0,0
2021-03-22,29338.54,9.07,54.79,0,0,0
2021-03-23,29460.41,10.32,52.45,1,0,0
2021-03-24,29160.8,11.14,55.76,2,0,0
2021-03-25,28781.0,11.73,59.56,3,0,0
2021-03-26,28499.83,11.66,61.9,4,0,0
2021-03-27,25632.52,11.44,61.59,5,0,0
2021-03-28,23619.15,12.96,56.51,6,0,0
2021-03-29,27640.47,14.44,51.15,0,0,0
2021-03-30,27927.31,15.36,49.68,1,0,0
2021-03-31,23312.5,16.13,43.33,2,0,0
2021-04-01,23832.49,15.44,49.42,3,1,0
2021-04-02,22007.88,13.92,67.79,4,1,1
2021-04-03,22808.6,12.94,65.57,5,1,0
2021-04-04,21763.78,11.86,59.96,6,1,0
2021-04-05,23952.03,12.67,56.49,0,1,0
2021-04-06,23540.128571428573,12.23,55.92,1,1,0
2021-04-07,28060.99,10.92,53.89,2,1,0
2021-04-08,28226.68,11.89,63.88,3,1,0
2021-04-09,28245.33,11.45,77.59,4,1,0
2021-04-10,25103.55,12.49,80.36,5,1,0
2021-04-11,23389.08,10.64,78.14,6,1,0
2021-04-12,27498.19,10.28,61.61,0,1,0
2021-04-13,28569.54,11.32,68.51,1,1,0
2021-04-14,28367.54,12.66,70.01,2,1,0
2021-04-15,28589.86,10.89,69.28,3,1,0
2021-04-16,28169.31,9.64,59.1,4,1,0
2021-04-17,25135.0,8.96,55.13,5,1,0
2021-04-18,23363.13,10.68,51.4,6,1,0
2021-04-19,27857.33,12.78,56.13,0,1,0
2021-04-20,28243.53,12.92,70.15,1,1,0
2021-04-21,28230.19,12.45,75.64,2,1,0
2021-04-22,28308.53,13.1,76.22,3,1,0
2021-04-23,27124.13,13.61,66.28,4,1,0
2021-04-24,24458.41,14.22,66.3,5,1,0
2021-04-25,23318.08,13.83,75.65,6,1,0
2021-04-26,27535.17,13.73,80.34,0,1,0
2021-04-27,27959.5,13.31,81.93,1,1,0
2021-04-28,27648.22,13.09,79.06,2,1,0
2021-04-29,27959.15,11.98,76.02,3,1,0
2021-04-30,23142.25,11.24,72.98,4,1,0
2021-05-01,22536.03,10.78,65.36,5,1,1
2021-05-02,22019.67,10.83,61.62,6,1,0
2021-05-03,26508.81,12.26,64.79,0,1,0
2021-05-04,27366.93,13.92,58.59,1,1,0
2021-05-05,27411.48,15.42,58.66,2,1,0
2021-05-06,27233.51,16.26,58.18,3,1,0
2021-05-07,26952.84,17.74,54.61,4,1,0
2021-05-08,24012.08,18.36,50.37,5,1,0
2021-05-09,22648.69,14.81,70.0,6,1,0
2021-05-10,26679.58,12.52,68.5,0,1,0
2021-05-11,27238.88,11.78,57.53,1,1,0
2021-05-12,27313.31,13.7,60.39,2,1,0
2021-05-13,27590.63,13.6,66.76,3,1,0
2021-05-14,27156.78,14.45,56.89,4,1,0
2021-05-15,24281.25,16.82,62.54,5,1,0
2021-05-16,22838.08,17.54,61.55,6,1,0
2021-05-17,26638.15,16.4,54.38,0,1,0
2021-05-18,27682.14,16.83,59.54,1,1,0
2021-05-19,27787.84,16.02,53.72,2,1,0
2021-05-20,27663.49,17.48,50.65,3,1,0
2021-05-21,27425.85,17.36,55.89,4,1,0
2021-05-22,24311.86,14.88,55.0,5,1,0
2021-05-23,22552.54,12.93,63.65,6,1,0
2021-05-24,26012.38,14.39,57.77,0,1,0
2021-05-25,27224.19,15.3,54.35,1,1,0
2021-05-26,27529.87,16.72,57.47,2,1,0
2021-05-27,27611.61,17.54,59.59,3,1,0
2021-05-28,27282.67,19.38,61.15,4,1,0
2021-05-29,24666.1,20.04,58.21,5,1,0
2021-05-30,23001.62,20.45,59.62,6,1,0
2021-05-31,24658.67,20.84,58.42,0,1,0
2021-06-01,27738.9,18.11,69.15,1,1,0
2021-06-02,27866.32,18.07,62.59,2,1,0
2021-06-03,27753.6,18.25,64.36,3,1,0
2021-06-04,27454.85,17.53,65.32,4,1,0
2021-06-05,24424.45,17.53,67.19,5,1,0
2021-06-06,22814.68,18.74,57.83,6,1,0
2021-06-07,27619.75,20.22,51.22,0,1,0
2021-06-08,28723.23,21.51,49.23,1,1,0
2021-06-09,29105.79,21.64,49.92,2,1,0
2021-06-10,29454.81,21.99,49.91,3,1,0
2021-06-11,29041.09,21.69,54.83,4,1,0
2021-06-12,26181.03,21.92,52.38,5,1,0
2021-06-13,24529.3,23.18,50.59,6,1,0
2021-06-14,29605.69,23.46,52.94,0,1,0
2021-06-15,30307.97,23.47,51.58,1,1,0
2021-06-16,29976.66,22.39,59.9,2,1,0
2021-06-17,28912.54,18.38,77.87,3,1,0
2021-06-18,28427.97,18.45,71.83,4,1,0
2021-06-19,25350.94,18.28,67.54,5,1,0
2021-06-20,23335.92,17.66,66.65,6,1,0
2021-06-21,27672.58,17.64,61.28,0,1,0
2021-06-22,28167.59,17.3,63.49,1,1,0
2021-06-23,27609.58,17.07,61.37,2,1,0
2021-06-24,26446.97,18.77,54.67,3,1,0
2021-06-25,27529.26,20.64,52.81,4,1,0
2021-06-26,25542.1,21.59,53.59,5,1,0
2021-06-27,23861.93,19.78,53.6,6,1,0
2021-06-28,28081.17,18.72,52.11,0,1,0
2021-06-29,29142.91,19.39,51.99,1,1,0
2021-06-30,26848.0,20.83,54.43,2,1,0
2021-07-01,29653.06,22.24,53.07,3,2,0
2021-07-02,29741.0,22.86,49.68,4,2,0
2021-07-03,27086.16,22.85,52.1,5,2,0
2021-07-04,25614.54,22.6,52.81,6,2,0
2021-07-05,30316.29,23.63,51.68,0,2,0
2021-07-06,30411.53,20.66,60.55,1,2,0
2021-07-07,29386.46,19.28,57.07,2,2,0
2021-07-08,29185.33,19.79,51.51,3,2,0
2021-07-09,29615.51,21.85,51.99,4,2,0
2021-07-10,27462.45,23.93,47.86,5,2,0
2021-07-11,26075.97,24.98,50.12,6,2,0
2021-07-12,30082.5,20.61,52.47,0,2,0
2021-07-13,29337.03,18.58,50.51,1,2,0
2021-07-14,29332.22,19.67,52.74,2,2,0
2021-07-15,29646.53,21.18,51.43,3,2,0
2021-07-16,30004.73,22.86,47.08,4,2,0
2021-07-17,27663.77,24.32,45.65,5,2,0
2021-07-18,25926.99,24.2,47.94,6,2,0
2021-07-19,30728.03,24.21,49.11,0,2,0
2021-07-20,31206.01,24.25,50.17,1,2,0
2021-07-21,31673.88,24.89,48.73,2,2,0
2021-07-22,32084.57,25.73,43.61,3,2,0
2021-07-23,31577.25,24.35,45.41,4,2,0
2021-07-24,27833.61,22.6,47.88,5,2,0
2021-07-25,25585.88,21.81,54.12,6,2,0
2021-07-26,29446.77,21.62,60.26,0,2,0
2021-07-27,30307.46,22.38,55.87,1,2,0
2021-07-28,30644.42,22.94,54.98,2,2,0
2021-07-29,31164.77,23.85,54.21,3,2,0
2021-07-30,30926.67,23.28,53.65,4,2,0
2021-07-31,24124.0,19.4,59.91,5,2,0
2021-08-01,23928.24,18.68,53.7,6,2,0
2021-08-02,27429.12,20.28,55.42,0,2,0
2021-08-03,28286.21,21.55,55.46,1,2,0
2021-08-04,28688.78,22.79,55.87,2,2,0
2021-08-05,29094.03,23.28,50.69,3,2,0
2021-08-06,28799.31,22.81,52.01,4,2,0
2021-08-07,26404.24,21.44,53.12,5,2,0
2021-08-08,24147.21,20.5,53.49,6,2,0
2021-08-09,27300.42,22.59,53.67,0,2,0
2021-08-10,28127.72,24.14,53.36,1,2,0
2021-08-11,29221.9,26.1,51.49,2,2,0
2021-08-12,29998.56,26.97,49.01,3,2,0
2021-08-13,30209.28,27.41,46.01,4,2,0
2021-08-14,28965.51,28.5,44.09,5,2,0
2021-08-15,27288.62,26.96,44.85,6,2,1
2021-08-16,28812.67,23.95,47.48,0,2,0
2021-08-17,28639.25,22.02,52.0,1,2,0
2021-08-18,28531.11,21.66,55.41,2,2,0
2021-08-19,28410.64,21.98,58.46,3,2,0
2021-08-20,28500.53,23.29,54.06,4,2,0
2021-08-21,28118.531428571423,23.82,52.68,5,2,0
2021-08-22,25215.83,24.29,53.26,6,2,0
2021-08-23,29213.65,24.19,54.75,0,2,0
2021-08-24,29450.95,22.9,58.31,1,2,0
2021-08-25,29189.97,22.43,61.85,2,2,0
2021-08-26,29628.38,23.66,58.61,3,2,0
2021-08-27,29683.79,24.1,51.81,4,2,0
2021-08-28,26519.12,22.55,52.31,5,2,0
2021-08-29,24527.01,21.51,56.79,6,2,0
2021-08-30,28827.72,21.34,61.25,0,2,0
2021-08-31,26671.25,22.26,61.66,1,2,0
2021-09-01,29175.77,20.71,73.86,2,2,0
2021-09-02,28953.85,20.46,71.35,3,2,0
2021-09-03,28873.74,21.25,65.44,4,2,0
2021-09-04,25867.22,21.92,59.41,5,2,0
2021-09-05,24615.17,23.61,55.2,6,2,0
2021-09-06,29861.28,25.18,52.9,0,2,0
2021-09-07,30452.62,24.1,56.58,1,2,0
2021-09-08,29764.51,21.92,64.03,2,2,0
2021-09-09,29882.89,21.17,66.14,3,2,0
2021-09-10,29244.89,20.78,63.43,4,2,0
2021-09-11,26010.71,20.79,60.82,5,2,0
2021-09-12,24550.33,22.33,55.2,6,2,0
2021-09-13,28941.28,21.82,64.76,0,2,0
2021-09-14,29389.12,19.86,77.89,1,2,0
2021-09-15,29125.06,20.0,75.03,2,2,0
2021-09-16,28306.12,19.45,72.29,3,2,0
2021-09-17,28031.16,19.51,67.62,4,2,0
2021-09-18,24767.9,18.34,66.28,5,2,0
2021-09-19,22915.97,17.66,60.12,6,2,0
2021-09-20,27096.32,17.33,65.33,0,2,0
2021-09-21,27143.3,16.16,66.18,1,2,0
2021-09-22,27446.4,17.05,68.99,2,2,0
2021-09-23,27502.44,18.35,71.2,3,2,0
2021-09-24,27320.1,19.05,77.26,4,2,0
2021-09-25,24548.01,18.68,74.67,5,2,0
2021-09-26,22761.06,18.58,67.08,6,2,0
2021-09-27,27191.72,18.92,65.3,0,2,0
2021-09-28,27963.98,18.11,67.18,1,2,0
2021-09-29,28233.52,17.63,65.22,2,2,0
2021-09-30,24622.33,17.99,65.44,3,2,0
2021-10-01,27444.03,18.14,65.71,4,3,0
2021-10-02,24319.63,18.3,66.45,5,3,0
2021-10-03,22666.94,15.3,74.87,6,3,0
2021-10-04,26065.49,13.6,64.57,0,3,0
2021-10-05,26897.54,15.49,69.84,1,3,0
2021-10-06,27513.81,16.62,64.87,2,3,0
2021-10-07,27204.15,17.14,59.46,3,3,0
2021-10-08,26969.62,17.01,60.16,4,3,0
2021-10-09,23943.74,16.28,64.95,5,3,0
2021-10-10,22094.56,16.27,66.23,6,3,0
2021-10-11,24208.18,16.09,62.18,0,3,0
2021-10-12,22618.66,15.92,60.26,1,3,1
2021-10-13,26505.17,15.4,56.51,2,3,0
2021-10-14,26734.15,15.28,59.99,3,3,0
2021-10-15,27022.44,15.95,61.32,4,3,0
2021-10-16,24176.23,15.31,64.33,5,3,0
2021-10-17,22666.35,16.84,73.11,6,3,0
2021-10-18,26952.13,17.7,73.01,0,3,0
2021-10-19,27460.2,18.83,66.63,1,3,0
2021-10-20,27414.56,18.2,65.78,2,3,0
2021-10-21,27246.15,15.28,68.3,3,3,0
2021-10-22,26872.34,13.14,70.11,4,3,0
2021-10-23,23997.06,12.87,65.04,5,3,0
2021-10-24,22480.57,13.02,63.25,6,3,0
2021-10-25,26758.53,13.35,65.59,0,3,0
2021-10-26,27442.03,13.73,65.72,1,3,0
2021-10-27,27336.24,13.78,64.56,2,3,0
2021-10-28,27404.23,13.51,65.11,3,3,0
2021-10-29,27492.33,14.1,79.01,4,3,0
2021-10-30,24939.74,15.75,85.47,5,3,0
2021-10-31,21708.67,16.89,85.57,6,3,0
2021-11-01,22763.7,13.89,74.98,0,3,1
2021-11-02,26785.77,11.62,76.18,1,3,0
2021-11-03,27790.45,8.94,73.65,2,3,0
2021-11-04,28096.79,7.94,73.52,3,3,0
2021-11-05,28374.99,7.72,70.5,4,3,0
2021-11-06,25835.51,7.79,64.09,5,3,0
2021-11-07,24427.66,8.33,62.99,6,3,0
2021-11-08,28510.85,10.99,65.2,0,3,0
2021-11-09,28883.44,10.32,66.13,1,3,0
2021-11-10,29333.65,9.99,68.85,2,3,0
2021-11-11,29400.31,10.1,71.69,3,3,0
2021-11-12,29128.61,10.84,73.96,4,3,0
2021-11-13,25766.1,11.22,73.19,5,3,0
2021-11-14,24212.56,10.6,71.33,6,3,0
2021-11-15,28719.19,9.7,69.45,0,3,0
2021-11-16,29653.42,8.75,72.63,1,3,0
2021-11-17,29682.22,8.81,71.56,2,3,0
2021-11-18,29964.12,8.77,72.27,3,3,0
2021-11-19,29884.1,9.81,71.66,4,3,0
2021-11-20,26869.18,10.06,80.23,5,3,0
2021-11-21,24819.32,10.16,82.15,6,3,0
2021-11-22,29639.85,7.57,83.81,0,3,0
2021-11-23,30647.06,6.28,83.19,1,3,0
2021-11-24,31214.97,6.04,84.33,2,3,0
2021-11-25,31179.31,6.59,82.14,3,3,0
2021-11-26,30995.51,6.28,76.64,4,3,0
2021-11-27,28187.42,5.31,75.85,5,3,0
2021-11-28,26945.0,4.63,72.77,6,3,0
2021-11-29,31179.97,8.09,75.81,0,3,0
2021-11-30,27543.0,7.84,77.12,1,3,0
2021-12-01,31644.56,6.71,81.23,2,3,0
2021-12-02,31701.56,6.35,71.91,3,3,0
2021-12-03,31344.18,7.14,72.02,4,3,0
2021-12-04,28025.69,8.29,77.16,5,3,0
2021-12-05,26052.06,7.14,72.86,6,3,0
2021-12-06,26398.4,8.05,75.68,0,3,1
2021-12-07,28048.59,9.15,81.03,1,3,0
2021-12-08,26875.26,6.82,73.54,2,3,1
2021-12-09,31014.3,7.65,79.87,3,3,0
2021-12-10,30777.47,10.3,76.6,4,3,0
2021-12-11,27517.34,10.4,77.98,5,3,0
2021-12-12,25614.06,9.65,77.34,6,3,0
2021-12-13,30292.13,8.7,77.74,0,3,0
2021-12-14,31101.57,8.31,74.61,1,3,0
2021-12-15,31170.9,8.22,69.63,2,3,0
2021-12-16,31321.01,7.9,70.99,3,3,0
2021-12-17,31034.08,7.41,70.22,4,3,0
2021-12-18,27919.58,6.78,76.37,5,3,0
2021-12-19,26054.9,7.25,77.77,6,3,0
2021-12-20,30750.65,7.59,78.28,0,3,0
2021-12-21,30701.56,10.28,81.4,1,3,0
2021-12-22,30108.0,10.27,82.68,2,3,0
2021-12-23,28783.55,10.12,87.06,3,3,0
2021-12-24,24763.12,10.24,86.58,4,3,0
2021-12-25,21441.01,10.13,86.11,5,3,1
2021-12-26,22760.01,10.65,86.95,6,3,0
2021-12-27,25648.15,12.75,76.06,0,3,0
2021-12-28,25898.6,12.52,75.83,1,3,0
2021-12-29,25646.11,11.89,77.29,2,3,0
2021-12-30,25702.53,11.77,72.67,3,3,0
2021-12-31,21558.67,11.75,66.55,4,3,0
2022-01-01,20872.66,12.01,63.45,5,0,1
2022-01-02,22718.49,11.02,69.62,6,0,0
2022-01-03,27346.96,10.67,72.79,0,0,0
2022-01-04,28248.44,9.67,76.56,1,0,0
2022-01-05,28049.26,5.88,76.95,2,0,0
2022-01-06,24176.19,4.84,73.07,3,0,1
2022-01-07,27754.5,5.85,74.34,4,0,0
2022-01-08,26877.88,6.02,70.75,5,0,0
2022-01-09,25598.1,8.66,76.19,6,0,0
2022-01-10,29854.74,10.55,79.99,0,0,0
2022-01-11,30291.6,8.76,78.24,1,0,0
2022-01-12,30571.97,6.71,67.52,2,0,0
2022-01-13,31128.73,5.35,66.12,3,0,0
2022-01-14,31460.03,4.98,65.72,4,0,0
2022-01-15,28114.24,4.72,66.98,5,0,0
2022-01-16,26513.97,5.32,67.59,6,0,0
2022-01-17,31244.81,5.55,66.1,0,0,0
2022-01-18,32124.78,5.9,64.22,1,0,0
2022-01-19,32265.89,5.62,65.75,2,0,0
2022-01-20,32181.72,5.82,70.98,3,0,0
2022-01-21,31946.11,4.5,67.51,4,0,0
2022-01-22,28742.4,4.73,67.59,5,0,0
2022-01-23,27053.45,5.32,71.02,6,0,0
2022-01-24,31990.83,5.71,72.07,0,0,0
2022-01-25,31925.28,6.3,71.3,1,0,0
2022-01-26,31815.05,6.58,68.8,2,0,0
2022-01-27,31489.69,7.25,62.17,3,0,0
2022-01-28,31082.65,7.28,53.45,4,0,0
2022-01-29,27681.29,8.05,46.6,5,0,0
2022-01-30,25729.17,8.56,46.82,6,0,0
2022-01-31,26768.0,8.01,56.17,0,0,0
2022-02-01,30558.15,8.19,61.45,1,0,0
2022-02-02,30343.51,10.8,57.46,2,0,0
2022-02-03,30142.35,10.06,58.25,3,0,0
2022-02-04,29905.14,9.16,68.25,4,0,0
2022-02-05,26750.74,8.09,71.31,5,0,0
2022-02-06,25172.54,7.2,66.34,6,0,0
2022-02-07,29411.51,8.61,62.97,0,0,0
2022-02-08,29869.92,9.35,61.97,1,0,0
2022-02-09,29941.11,9.39,62.98,2,0,0
2022-02-10,30156.62,9.13,65.91,3,0,0
2022-02-11,29716.42,9.33,69.42,4,0,0
2022-02-12,26755.26,8.89,72.33,5,0,0
2022-02-13,24874.51,8.96,74.87,6,0,0
2022-02-14,29303.62,7.87,69.14,0,0,0
2022-02-15,29965.33,7.4,62.43,1,0,0
2022-02-16,29890.87,9.9,66.69,2,0,0
2022-02-17,29542.95,11.81,67.96,3,0,0
2022-02-18,29006.45,10.82,69.86,4,0,0
2022-02-19,26573.95,7.75,70.93,5,0,0
2022-02-20,24759.35,8.42,67.34,6,0,0
2022-02-21,28816.99,10.04,59.79,0,0,0
2022-02-22,29062.14,10.67,44.13,1,0,0
2022-02-23,29075.42,10.34,49.98,2,0,0
2022-02-24,29157.72,9.8,61.97,3,0,0
2022-02-25,29235.98,8.95,70.56,4,0,0
2022-02-26,26565.36,8.23,71.69,5,0,0
2022-02-27,24585.41,9.82,71.49,6,0,0
2022-02-28,25332.33,10.0,67.5,0,0,0
2022-03-01,28726.99,10.42,64.14,1,0,0
2022-03-02,29043.53,10.03,71.85,2,0,0
2022-03-03,29355.74,8.58,80.09,3,0,0
2022-03-04,29205.71,7.55,72.03,4,0,0
2022-03-05,25752.67,7.04,68.16,5,0,0
2022-03-06,24276.08,6.47,72.57,6,0,0
2022-03-07,29082.56,7.15,75.22,0,0,0
2022-03-08,29019.69,8.19,74.71,1,0,0
2022-03-09,28695.89,8.51,73.05,2,0,0
2022-03-10,28500.48,10.05,72.47,3,0,0
2022-03-11,28724.24,9.29,81.38,4,0,0
2022-03-12,25200.19,8.68,72.93,5,0,0
2022-03-13,23406.23,9.46,69.66,6,0,0
2022-03-14,28784.05,9.16,81.39,0,0,0
2022-03-15,28724.48,12.75,70.83,1,0,0
2022-03-16,28744.01,11.1,80.78,2,0,0
2022-03-17,28365.78,9.59,75.79,3,0,0
2022-03-18,27742.52,9.55,75.01,4,0,0
2022-03-19,24452.32,10.26,71.72,5,0,0
2022-03-20,23249.14,11.26,72.52,6,0,0
2022-03-21,27449.84,10.93,79.83,0,0,0
2022-03-22,28033.71,10.32,78.02,1,0,0
2022-03-23,28252.6,9.74,75.62,2,0,0
2022-03-24,28537.33,9.81,77.46,3,0,0
2022-03-25,27986.24,10.99,77.1,4,0,0
2022-03-26,24988.6,10.69,75.02,5,0,0
2022-03-27,22809.78,11.59,68.35,6,0,0
2022-03-28,26918.49,12.19,63.73,0,0,0
2022-03-29,27553.15,11.9,76.25,1,0,0
2022-03-30,28155.4,10.15,79.17,2,0,0
2022-03-31,24157.92,9.26,73.01,3,0,0
2022-04-01,28030.26,6.33,59.37,4,1,0
2022-04-02,25147.26,5.52,54.53,5,1,0
2022-04-03,23955.79,5.13,55.83,6,1,0
2022-04-04,29464.92,5.63,59.3,0,1,0
2022-04-05,30299.21,6.55,65.38,1,1,0
2022-04-06,29312.71,9.16,63.04,2,1,0
2022-04-07,28282.37,11.96,59.92,3,1,0
2022-04-08,27716.81,12.32,64.57,4,1,0
2022-04-09,24314.09,12.47,65.71,5,1,0
2022-04-10,22479.36,13.47,62.69,6,1,0
2022-04-11,26367.58,14.07,65.07,0,1,0
2022-04-12,27063.12,12.13,77.05,1,1,0
2022-04-13,26575.23,11.78,75.82,2,1,0
2022-04-14,22631.9,13.7,66.07,3,1,0
2022-04-15,20821.12,15.22,59.88,4,1,1
2022-04-16,21417.75,16.29,55.35,5,1,0
2022-04-17,20388.57,15.88,54.49,6,1,0
2022-04-18,22523.19,14.83,62.22,0,1,0
2022-04-19,25643.53,11.02,75.37,1,1,0
2022-04-20,27223.62,8.69,73.04,2,1,0
2022-04-21,27263.02,9.78,65.65,3,1,0
2022-04-22,27322.4,9.71,77.07,4,1,0
2022-04-23,24155.29,9.27,74.65,5,1,0
2022-04-24,22199.14,11.64,65.08,6,1,0
2022-04-25,25921.38,12.78,61.0,0,1,0
2022-04-26,26749.87,13.99,62.64,1,1,0
2022-04-27,27205.6,13.34,74.24,2,1,0
2022-04-28,27093.23,12.74,75.69,3,1,0
2022-04-29,26667.38,14.74,62.17,4,1,0
2022-04-30,25210.395714285714,15.81,61.32,5,1,0
2022-05-01,20599.14,15.7,59.71,6,1,1
2022-05-02,24109.03,13.3,72.96,0,1,0
2022-05-03,26585.78,12.87,76.41,1,1,0
2022-05-04,26832.88,13.16,72.63,2,1,0
2022-05-05,26509.31,14.31,60.71,3,1,0
2022-05-06,25884.32,14.76,54.11,4,1,0
2022-05-07,23051.4,15.76,51.44,5,1,0
2022-05-08,21481.03,16.64,51.4,6,1,0
2022-05-09,25917.2,17.64,49.02,0,1,0
2022-05-10,26684.19,18.53,48.34,1,1,0
2022-05-11,26843.63,19.05,50.37,2,1,0
2022-05-12,26855.79,18.51,53.8,3,1,0
2022-05-13,26832.47,19.26,54.74,4,1,0
2022-05-14,23764.12,20.08,57.16,5,1,0
2022-05-15,22071.6,18.83,56.43,6,1,0
2022-05-16,26060.24,19.02,54.73,0,1,0
2022-05-17,27084.1,20.02,54.03,1,1,0
2022-05-18,27690.1,21.27,52.18,2,1,0
2022-05-19,28158.12,21.62,50.34,3,1,0
2022-05-20,28037.22,22.96,46.88,4,1,0
2022-05-21,25120.13,23.43,46.58,5,1,0
2022-05-22,23002.14,21.11,55.38,6,1,0
2022-05-23,26965.78,18.87,58.84,0,1,0
2022-05-24,27084.05,15.03,62.15,1,1,0
2022-05-25,26414.06,14.65,55.25,2,1,0
2022-05-26,26647.37,16.99,51.26,3,1,0
2022-05-27,26829.88,19.56,46.02,4,1,0
2022-05-28,24471.0,21.12,43.03,5,1,0
2022-05-29,22637.39,20.17,49.54,6,1,0
2022-05-30,26864.14,18.48,58.19,0,1,0
2022-05-31,24690.29,19.44,54.32,1,1,0
2022-06-01,27730.68,20.34,55.23,2,1,0
2022-06-02,27960.58,20.0,56.56,3,1,0
2022-06-03,27864.6,20.16,56.82,4,1,0
2022-06-04,24508.8,19.37,58.08,5,1,0
2022-06-05,22923.4,19.73,52.48,6,1,0
2022-06-06,26386.5,20.53,49.78,0,1,0
2022-06-07,28260.02,21.46,49.72,1,1,0
2022-06-08,28579.88,21.2,59.98,2,1,0
2022-06-09,28746.49,22.17,52.39,3,1,0
2022-06-10,28952.91,23.38,45.66,4,1,0
2022-06-11,26330.44,24.07,48.15,5,1,0
2022-06-12,24653.69,24.87,44.82,6,1,0
2022-06-13,29899.91,25.51,42.96,0,1,0
2022-06-14,31603.56,26.43,42.47,1,1,0
2022-06-15,32316.68,26.89,42.09,2,1,0
2022-06-16,32053.91,27.02,44.18,3,1,0
2022-06-17,31970.92,27.58,40.43,4,1,0
2022-06-18,28045.05,26.23,40.98,5,1,0
2022-06-19,24665.72,21.58,53.37,6,1,0
2022-06-20,29429.96,20.44,57.94,0,1,0
2022-06-21,29658.83,19.84,56.42,1,1,0
2022-06-22,28761.72,18.88,59.31,2,1,0
2022-06-23,27658.88,19.06,60.48,3,1,0
2022-06-24,25538.42,19.26,54.27,4,1,0
2022-06-25,24468.66,18.89,55.41,5,1,0
2022-06-26,22918.41,18.34,53.81,6,1,0
2022-06-27,26967.13,17.91,54.93,0,1,0
2022-06-28,28084.53,19.94,47.94,1,1,0
2022-06-29,28626.0,20.37,50.75,2,1,0
2022-06-30,25032.71,19.07,53.47,3,1,0
2022-07-01,27839.38,20.55,47.78,4,2,0
2022-07-02,25787.65,23.33,51.18,5,2,0
2022-07-03,24144.3,23.42,57.18,6,2,0
2022-07-04,28601.08,23.05,53.26,0,2,0
2022-07-05,29799.59,23.41,54.42,1,2,0
2022-07-06,29506.97,22.1,61.03,2,2,0
2022-07-07,29178.62,22.48,50.43,3,2,0
2022-07-08,29471.11,23.62,45.8,4,2,0
2022-07-09,26737.98,24.92,42.31,5,2,0
2022-07-10,25606.28,25.61,40.42,6,2,0
2022-07-11,30876.03,26.26,40.26,0,2,0
2022-07-12,31959.64,27.3,36.93,1,2,0
2022-07-13,32639.4,28.04,35.63,2,2,0
2022-07-14,32755.84,28.21,34.94,3,2,0
2022-07-15,32433.33,27.89,35.63,4,2,0
2022-07-16,29124.59,28.13,36.0,5,2,0
2022-07-17,27234.29,28.35,35.34,6,2,0
2022-07-18,32247.54,27.4,39.74,0,2,0
2022-07-19,31914.17,24.91,46.03,1,2,0
2022-07-20,31990.45,24.67,47.54,2,2,0
2022-07-21,32437.45,26.09,46.92,3,2,0
2022-07-22,32253.84,25.54,48.36,4,2,0
2022-07-23,28293.66,25.57,44.31,5,2,0
2022-07-24,26764.88,26.93,40.34,6,2,0
2022-07-25,30546.29,26.06,43.72,0,2,0
2022-07-26,31827.25,24.28,49.54,1,2,0
2022-07-27,31184.96,23.62,50.1,2,2,0
2022-07-28,31295.02,23.9,51.06,3,2,0
2022-07-29,30787.11,24.49,53.47,4,2,0
2022-07-30,27525.11,25.33,54.12,5,2,0
2022-07-31,25634.67,26.11,52.75,6,2,0
2022-08-01,30466.37,26.65,49.92,0,2,0
2022-08-02,31137.4,27.3,46.04,1,2,0
2022-08-03,30795.1,27.1,47.02,2,2,0
2022-08-04,30352.15,26.0,48.05,3,2,0
2022-08-05,29450.14,25.19,50.83,4,2,0
2022-08-06,26648.55,25.3,49.85,5,2,0
2022-08-07,24803.45,25.48,49.14,6,2,0
2022-08-08,28116.28,25.38,48.11,0,2,0
2022-08-09,28550.85,26.19,47.11,1,2,0
2022-08-10,29274.17,26.69,48.7,2,2,0
2022-08-11,29304.42,26.57,48.14,3,2,0
2022-08-12,29280.94,26.8,46.25,4,2,0
2022-08-13,26880.55,25.53,50.42,5,2,0
2022-08-14,24234.39,23.73,47.07,6,2,0
2022-08-15,23879.33,22.55,48.64,0,2,1
2022-08-16,26432.5,21.79,53.47,1,2,0
2022-08-17,26189.22,20.43,55.16,2,2,0
2022-08-18,25760.27,20.07,52.98,3,2,0
2022-08-19,25894.54,22.07,46.62,4,2,0
2022-08-20,24700.92,23.97,45.36,5,2,0
2022-08-21,23710.2,24.6,46.16,6,2,0
2022-08-22,27709.12,24.15,52.66,0,2,0
2022-08-23,28756.53,25.27,52.57,1,2,0
2022-08-24,29154.4,25.73,54.26,2,2,0
2022-08-25,28898.73,24.13,61.2,3,2,0
2022-08-26,28162.61,23.51,59.72,4,2,0
2022-08-27,25535.2,23.4,56.24,5,2,0
2022-08-28,24135.27,24.75,54.56,6,2,0
2022-08-29,28708.94,24.39,57.42,0,2,0
2022-08-30,29789.59,24.04,57.45,1,2,0
2022-08-31,25257.12,22.93,56.8,2,2,0
2022-09-01,28662.77,22.25,54.44,3,2,0
2022-09-02,28541.98,21.98,55.66,4,2,0
2022-09-03,24713.96,20.89,55.13,5,2,0
2022-09-04,23033.58,21.0,51.06,6,2,0
2022-09-05,27917.98,21.56,51.99,0,2,0
2022-09-06,28311.64,21.61,53.33,1,2,0
2022-09-07,28524.05,20.55,52.71,2,2,0
2022-09-08,27948.66,21.18,55.76,3,2,0
2022-09-09,28240.6,22.26,55.82,4,2,0
2022-09-10,25347.55,23.16,52.52,5,2,0
2022-09-11,24075.77,24.76,50.59,6,2,0
2022-09-12,29239.24,24.46,56.79,0,2,0
2022-09-13,29121.48,21.46,71.9,1,2,0
2022-09-14,28102.28,20.56,68.41,2,2,0
2022-09-15,27931.24,20.71,69.34,3,2,0
2022-09-16,27728.64,20.4,66.08,4,2,0
2022-09-17,23982.65,19.83,58.45,5,2,0
2022-09-18,22386.11,20.75,59.36,6,2,0
2022-09-19,27060.5,21.23,61.57,0,2,0
2022-09-20,27642.54,20.68,58.58,1,2,0
2022-09-21,27411.39,19.51,60.57,2,2,0
2022-09-22,27378.45,19.53,60.82,3,2,0
2022-09-23,27096.06,19.47,62.3,4,2,0
2022-09-24,23289.57,17.26,63.81,5,2,0
2022-09-25,21314.5,15.36,62.62,6,2,0
2022-09-26,25228.77,15.41,62.08,0,2,0
2022-09-27,25965.02,16.11,57.5,1,2,0
2022-09-28,26081.36,16.91,60.14,2,2,0
2022-09-29,26351.05,14.6,71.35,3,2,0
2022-09-30,21777.96,14.1,63.08,4,2,0
2022-10-01,22547.77,16.29,56.01,5,3,0
2022-10-02,21181.98,18.69,52.27,6,3,0
2022-10-03,25687.24,19.97,54.01,0,3,0
2022-10-04,26377.68,19.96,55.14,1,3,0
2022-10-05,26375.4,19.31,59.46,2,3,0
2022-10-06,26655.94,18.87,66.83,3,3,0
2022-10-07,26238.81,18.51,67.62,4,3,0
2022-10-08,22928.1,18.28,68.27,5,3,0
2022-10-09,21234.89,18.36,67.47,6,3,0
2022-10-10,25637.06,17.67,77.75,0,3,0
2022-10-11,25810.04,17.52,78.31,1,3,0
2022-10-12,21855.37,17.29,72.67,2,3,1
2022-10-13,25443.26,17.55,65.65,3,3,0
2022-10-14,25747.02,18.94,61.56,4,3,0
2022-10-15,22277.06,18.58,60.65,5,3,0
2022-10-16,21172.39,18.79,60.08,6,3,0
2022-10-17,25670.43,19.57,68.65,0,3,0
2022-10-18,26417.8,20.39,62.63,1,3,0
2022-10-19,26998.69,19.26,65.89,2,3,0
2022-10-20,27112.9,17.33,74.36,3,3,0
2022-10-21,26437.39,17.02,76.64,4,3,0
2022-10-22,22804.19,17.64,71.81,5,3,0
2022-10-23,21588.04,17.5,68.6,6,3,0
2022-10-24,25620.61,16.94,68.67,0,3,0
2022-10-25,26246.76,18.45,60.85,1,3,0
2022-10-26,26422.48,19.24,60.17,2,3,0
2022-10-27,26202.91,20.51,50.75,3,3,0
2022-10-28,25702.88,19.32,57.25,4,3,0
2022-10-29,22372.44,18.06,58.99,5,3,0
2022-10-30,20841.46,16.04,73.57,6,3,0
2022-10-31,20705.5,15.44,77.42,0,3,0
2022-11-01,21159.7,15.3,73.85,1,3,1
2022-11-02,25126.58,14.57,73.64,2,3,0
2022-11-03,25925.74,13.77,76.54,3,3,0
2022-11-04,25786.62,11.77,68.11,4,3,0
2022-11-05,22408.33,11.93,60.5,5,3,0
2022-11-06,20911.0,12.54,63.07,6,3,0
2022-11-07,25315.59,13.04,65.25,0,3,0
2022-11-08,26435.5,14.26,73.99,1,3,0
2022-11-09,26142.66,13.35,79.9,2,3,0
2022-11-10,26203.94,12.71,75.77,3,3,0
2022-11-11,26372.02,12.64,74.94,4,3,0
2022-11-12,23182.12,14.89,71.4,5,3,0
2022-11-13,21370.26,14.19,72.11,6,3,0
2022-11-14,26012.62,13.1,80.56,0,3,0
2022-11-15,26799.6,14.03,79.87,1,3,0
2022-11-16,27078.89,13.42,80.92,2,3,0
2022-11-17,27059.96,14.22,78.27,3,3,0
2022-11-18,26807.1,9.59,78.88,4,3,0
2022-11-19,23905.23,7.95,73.22,5,3,0
2022-11-20,22232.29,10.36,78.72,6,3,0
2022-11-21,27419.47,10.32,83.75,0,3,0
2022-11-22,28441.92,9.46,78.02,1,3,0
2022-11-23,27890.3,12.83,78.41,2,3,0
2022-11-24,27784.35,11.5,84.53,3,3,0
2022-11-25,27060.75,10.1,75.67,4,3,0
2022-11-26,24243.01,9.65,66.96,5,3,0
2022-11-27,23013.97,9.42,69.22,6,3,0
2022-11-28,27522.62,8.79,71.42,0,3,0
2022-11-29,28536.9,8.37,73.24,1,3,0
2022-11-30,25184.0,7.81,76.66,2,3,0
2022-12-01,29037.5,7.37,76.74,3,3,0
2022-12-02,29081.62,6.22,76.8,4,3,0
2022-12-03,26067.27,5.42,80.8,5,3,0
2022-12-04,24363.59,6.42,83.54,6,3,0
2022-12-05,28117.76,7.91,84.93,0,3,0
2022-12-06,25565.14,10.44,87.87,1,3,1
2022-12-07,27613.07,10.08,86.94,2,3,0
2022-12-08,25020.99,10.12,90.46,3,3,1
2022-12-09,26610.19,10.41,89.65,4,3,0
2022-12-10,24610.41,8.17,78.99,5,3,0
2022-12-11,24126.82,7.8,88.74,6,3,0
2022-12-12,29009.0,10.97,88.97,0,3,0
2022-12-13,29229.12,13.14,90.42,1,3,0
2022-12-14,28650.82,12.31,84.6,2,3,0
2022-12-15,28290.72,10.16,85.85,3,3,0
2022-12-16,28375.98,9.01,85.6,4,3,0
2022-12-17,24890.33,8.42,85.34,5,3,0
2022-12-18,23604.2,9.3,80.07,6,3,0
2022-12-19,28401.72,10.33,79.04,0,3,0
2022-12-20,28902.77,10.88,82.1,1,3,0
2022-12-21,28206.25,11.76,81.52,2,3,0
2022-12-22,27506.05,12.61,81.88,3,3,0
2022-12-23,26024.4,12.63,78.72,4,3,0
2022-12-24,21920.43,11.79,77.82,5,3,0
2022-12-25,19292.56,12.06,72.91,6,3,1
2022-12-26,21170.59,11.8,74.5,0,3,0
2022-12-27,24046.09,10.79,76.18,1,3,0
2022-12-28,24775.09,9.88,74.12,2,3,0
2022-12-29,25168.94,10.3,80.01,3,3,0
2022-12-30,24621.89,12.07,74.41,4,3,0
2022-12-31,20006.33,11.93,60.84,5,3,0
2023-01-01,19617.1,11.79,59.45,6,0,1
2023-01-02,24471.98,9.1,79.5,0,0,0
2023-01-03,26577.43,7.98,81.53,1,0,0
2023-01-04,27064.41,7.99,78.1,2,0,0
2023-01-05,26356.11,7.78,78.31,3,0,0
2023-01-06,22576.77,6.91,78.74,4,0,1
2023-01-07,24628.3,7.69,79.88,5,0,0
2023-01-08,24149.61,11.09,86.64,6,0,0
2023-01-09,27778.66,9.61,73.5,0,0,0
2023-01-10,28845.81,9.1,77.51,1,0,0
2023-01-11,29216.38,8.59,82.18,2,0,0
2023-01-12,29277.11,7.93,76.11,3,0,0
2023-01-13,29196.65,8.47,78.7,4,0,0
2023-01-14,26036.35,8.64,75.89,5,0,0
2023-01-15,24288.84,7.44,77.28,6,0,0
2023-01-16,30063.51,7.47,80.06,0,0,0
2023-01-17,30192.11,7.57,74.82,1,0,0
2023-01-18,30899.7,4.17,70.79,2,0,0
2023-01-19,31113.19,4.9,74.65,3,0,0
2023-01-20,29945.73,7.89,75.02,4,0,0
2023-01-21,26576.81,5.52,69.29,5,0,0
2023-01-22,25344.2,3.49,54.83,6,0,0
2023-01-23,30994.71,2.78,62.57,0,0,0
2023-01-24,32509.03,2.65,72.11,1,0,0
2023-01-25,32000.71,3.65,69.9,2,0,0
2023-01-26,32248.8,4.09,71.26,3,0,0
2023-01-27,31606.93,3.97,67.74,4,0,0
2023-01-28,28016.98,3.68,66.77,5,0,0
2023-01-29,26404.63,3.06,68.73,6,0,0
2023-01-30,31406.3,3.84,66.8,0,0,0
2023-01-31,27756.17,5.32,64.59,1,0,0
2023-02-01,31424.57,5.91,66.75,2,0,0
2023-02-02,31141.7,6.45,63.05,3,0,0
2023-02-03,30413.17,7.45,57.0,4,0,0
2023-02-04,26406.2,8.07,50.68,5,0,0
2023-02-05,24490.3,7.89,57.78,6,0,0
2023-02-06,30364.73,5.83,64.39,0,0,0
2023-02-07,31944.86,4.55,76.97,1,0,0
2023-02-08,31726.88,6.38,75.88,2,0,0
2023-02-09,31263.44,5.99,70.45,3,0,0
2023-02-10,31156.11,5.37,63.81,4,0,0
2023-02-11,27234.59,5.84,60.89,5,0,0
2023-02-12,25433.45,6.67,61.54,6,0,0
2023-02-13,30116.34,7.89,63.03,0,0,0
2023-02-14,30577.68,8.38,64.53,1,0,0
2023-02-15,30128.68,9.01,65.54,2,0,0
2023-02-16,29777.34,8.86,63.36,3,0,0
2023-02-17,29262.95,9.35,58.47,4,0,0
2023-02-18,25634.73,10.43,55.88,5,0,0
2023-02-19,23614.09,11.42,59.36,6,0,0
2023-02-20,27764.0,12.2,55.54,0,0,0
2023-02-21,28333.2,11.7,63.97,1,0,0
2023-02-22,28357.66,9.96,75.5,2,0,0
2023-02-23,29163.48,6.19,79.55,3,0,0
2023-02-24,29029.15,4.84,65.64,4,0,0
2023-02-25,26166.76,4.72,70.34,5,0,0
2023-02-26,24580.53,5.51,66.55,6,0,0
2023-02-27,30195.7,2.81,55.64,0,0,0
2023-02-28,27033.58,3.41,57.11,1,0,0
2023-03-01,31055.37,3.09,58.55,2,0,0
2023-03-02,31047.28,4.03,58.09,3,0,0
2023-03-03,30260.7,5.47,59.25,4,0,0
2023-03-04,26314.22,6.59,59.4,5,0,0
2023-03-05,25104.5,6.6,67.3,6,0,0
2023-03-06,29105.77,9.12,76.32,0,0,0
2023-03-07,28914.02,11.04,73.2,1,0,0
2023-03-08,28432.93,13.77,74.36,2,0,0
2023-03-09,28183.24,13.68,73.45,3,0,0
2023-03-10,26959.55,13.99,64.53,4,0,0
2023-03-11,23650.07,15.07,69.4,5,0,0
2023-03-12,21805.98,16.05,66.6,6,0,0
2023-03-13,25996.26,14.6,62.15,0,0,0
2023-03-14,26392.68,11.52,56.56,1,0,0
2023-03-15,26469.58,12.54,54.16,2,0,0
2023-03-16,26494.96,13.84,51.33,3,0,0
2023-03-17,26373.47,12.41,64.65,4,0,0
2023-03-18,23631.35,11.48,69.82,5,0,0
2023-03-19,21582.25,11.41,62.38,6,0,0
2023-03-20,25197.15,12.06,55.04,0,0,0
2023-03-21,26191.65,12.77,57.88,1,0,0
2023-03-22,25956.51,13.22,56.23,2,0,0
2023-03-23,25994.88,14.27,52.74,3,0,0
2023-03-24,26118.02,13.32,60.25,4,0,0
2023-03-25,23031.61,13.13,60.1,5,0,0
2023-03-26,21396.65,13.63,52.46,6,0,0
2023-03-27,25315.29,12.13,47.8,0,0,0
2023-03-28,25762.97,13.86,46.18,1,0,0
2023-03-29,25541.62,16.19,44.72,2,0,0
2023-03-30,25407.92,15.75,52.29,3,0,0
2023-03-31,22287.54,15.5,56.26,4,0,0
2023-04-01,22167.95,12.76,60.78,5,1,0
2023-04-02,20454.97,11.18,52.12,6,1,0
2023-04-03,24091.82,10.92,48.83,0,1,0
2023-04-04,24619.73,11.41,47.4,1,1,0
2023-04-05,24047.71,11.29,40.16,2,1,0
2023-04-06,21118.55,12.57,40.53,3,1,0
2023-04-07,19250.38,13.56,41.99,4,1,1
2023-04-08,19857.62,14.97,41.03,5,1,0
2023-04-09,19032.36,15.54,45.61,6,1,0
2023-04-10,21266.72,16.13,48.34,0,1,0
2023-04-11,23989.66,15.76,53.47,1,1,0
2023-04-12,24939.94,13.03,60.49,2,1,0
2023-04-13,24720.57,10.48,54.83,3,1,0
2023-04-14,24934.62,13.1,58.18,4,1,0
2023-04-15,22115.42,14.46,54.83,5,1,0
2023-04-16,20275.09,14.38,46.03,6,1,0
2023-04-17,24033.11,13.95,43.66,0,1,0
2023-04-18,24737.84,13.61,48.71,1,1,0
2023-04-19,24734.58,15.03,48.3,2,1,0
2023-04-20,24815.46,15.84,47.32,3,1,0
2023-04-21,24493.3,15.45,55.9,4,1,0
2023-04-22,21830.67,14.3,64.09,5,1,0
2023-04-23,20143.18,15.07,60.47,6,1,0
2023-04-24,24143.68,16.56,57.96,0,1,0
2023-04-25,25045.93,18.25,55.02,1,1,0
2023-04-26,25264.76,19.18,53.62,2,1,0
2023-04-27,25653.64,20.4,48.1,3,1,0
2023-04-28,25178.24,20.88,48.2,4,1,0
2023-04-29,22366.48,19.27,59.64,5,1,0
2023-04-30,19352.0,17.38,59.83,6,1,0
2023-05-01,19481.76,17.1,51.5,0,1,1
2023-05-02,23878.1,18.32,41.73,1,1,0
2023-05-03,25036.68,19.64,40.01,2,1,0
2023-05-04,25081.22,17.68,52.09,3,1,0
2023-05-05,25028.3,17.76,49.63,4,1,0
2023-05-06,21973.53,18.03,52.29,5,1,0
2023-05-07,20702.15,17.81,57.48,6,1,0
2023-05-08,24716.62,18.36,50.04,0,1,0
2023-05-09,25494.02,18.36,57.22,1,1,0
2023-05-10,25149.97,16.2,51.29,2,1,0
2023-05-11,24869.83,14.64,54.54,3,1,0
2023-05-12,24428.4,13.29,58.93,4,1,0
2023-05-13,21502.74,13.09,57.53,5,1,0
2023-05-14,20065.81,14.27,56.92,6,1,0
2023-05-15,23745.44,14.74,53.03,0,1,0
2023-05-16,24658.42,14.57,47.43,1,1,0
2023-05-17,24383.07,14.47,44.25,2,1,0
2023-05-18,24523.12,13.78,51.81,3,1,0
2023-05-19,24333.76,13.68,55.07,4,1,0
2023-05-20,21573.9,13.96,57.08,5,1,0
2023-05-21,20124.43,14.51,60.19,6,1,0
2023-05-22,24432.72,15.27,68.88,0,1,0
2023-05-23,24854.73,16.14,73.99,1,1,0
2023-05-24,24695.19,16.81,69.2,2,1,0
2023-05-25,24661.52,16.32,66.43,3,1,0
2023-05-26,24083.31,16.42,69.79,4,1,0
2023-05-27,21039.58,17.78,67.38,5,1,0
2023-05-28,19514.45,17.46,73.98,6,1,0
2023-05-29,23668.13,17.63,69.32,0,1,0
2023-05-30,24772.52,17.66,69.97,1,1,0
2023-05-31,21896.46,18.16,67.58,2,1,0
2023-06-01,25325.89,17.67,71.46,3,1,0
2023-06-02,25151.92,17.96,68.99,4,1,0
2023-06-03,21880.09,18.32,69.53,5,1,0
2023-06-04,20437.18,18.86,67.83,6,1,0
2023-06-05,24753.77,19.52,67.68,0,1,0
2023-06-06,25668.72,20.49,61.41,1,1,0
2023-06-07,26387.6,19.01,77.18,2,1,0
2023-06-08,26180.73,19.29,76.68,3,1,0
2023-06-09,25602.19,19.68,70.23,4,1,0
2023-06-10,22507.75,20.27,64.27,5,1,0
2023-06-11,21195.26,20.28,66.0,6,1,0
2023-06-12,25655.83,20.14,67.12,0,1,0
2023-06-13,26141.06,18.99,70.1,1,1,0
2023-06-14,26436.58,19.89,60.79,2,1,0
2023-06-15,26865.8,21.69,52.06,3,1,0
2023-06-16,27204.08,23.21,50.14,4,1,0
2023-06-17,24359.82,23.73,54.37,5,1,0
2023-06-18,22355.74,21.83,60.07,6,1,0
2023-06-19,26776.1,21.45,63.4,0,1,0
2023-06-20,27499.57,21.15,65.1,1,1,0
2023-06-21,27773.36,20.78,69.14,2,1,0
2023-06-22,27624.99,21.42,60.14,3,1,0
2023-06-23,27375.31,23.28,53.25,4,1,0
2023-06-24,24207.06,24.85,48.58,5,1,0
2023-06-25,23936.18,25.62,49.74,6,1,0
2023-06-26,29744.14,25.09,53.15,0,1,0
2023-06-27,30410.76,24.1,54.4,1,1,0
2023-06-28,30452.16,24.01,54.64,2,1,0
2023-06-29,30492.29,22.61,59.09,3,1,0
2023-06-30,25373.58,20.72,56.22,4,1,0
2023-07-01,24959.95,22.35,55.64,5,2,0
2023-07-02,23914.16,23.75,56.44,6,2,0
2023-07-03,29051.58,23.72,57.29,0,2,0
2023-07-04,29371.59,23.21,53.94,1,2,0
2023-07-05,29516.07,22.66,55.7,2,2,0
2023-07-06,29701.28,23.09,57.84,3,2,0
2023-07-07,29175.69,23.63,54.61,4,2,0
2023-07-08,25501.97,23.42,51.27,5,2,0
2023-07-09,24359.94,24.19,50.31,6,2,0
2023-07-10,30578.45,25.93,48.08,0,2,0
2023-07-11,32112.92,26.45,48.82,1,2,0
2023-07-12,31734.34,24.64,50.97,2,2,0
2023-07-13,31169.38,24.15,50.89,3,2,0
2023-07-14,31167.61,25.22,49.54,4,2,0
2023-07-15,26852.26,23.18,53.84,5,2,0
2023-07-16,24679.19,22.62,51.52,6,2,0
2023-07-17,30690.97,25.43,50.46,0,2,0
2023-07-18,32477.65,27.24,46.59,1,2,0
2023-07-19,32789.63,26.38,48.1,2,2,0
2023-07-20,31847.65,24.35,50.92,3,2,0
2023-07-21,30052.71,22.67,51.6,4,2,0
2023-07-22,26113.46,22.85,52.1,5,2,0
2023-07-23,24932.8,24.36,51.22,6,2,0
2023-07-24,29077.12,23.18,52.52,0,2,0
2023-07-25,27748.21,21.36,49.65,1,2,0
2023-07-26,28535.75,22.57,49.95,2,2,0
2023-07-27,29035.03,23.6,54.62,3,2,0
2023-07-28,28648.17,23.46,52.56,4,2,0
2023-07-29,26114.68,24.69,52.75,5,2,0
2023-07-30,24807.04,24.68,52.07,6,2,0
2023-07-31,26150.33,24.62,49.23,0,2,0
2023-08-01,29113.14,24.63,49.44,1,2,0
2023-08-02,29718.76,24.87,53.2,2,2,0
2023-08-03,28464.86,22.05,51.78,3,2,0
2023-08-04,26464.17,20.19,49.1,4,2,0
2023-08-05,23588.36,21.89,42.74,5,2,0
2023-08-06,22899.33,23.24,43.58,6,2,0
2023-08-07,26389.05,23.51,43.9,0,2,0
2023-08-08,27686.15,25.78,47.32,1,2,0
2023-08-09,28537.62,27.36,48.58,2,2,0
2023-08-10,28933.52,26.87,45.17,3,2,0
2023-08-11,28514.92,26.5,43.4,4,2,0
2023-08-12,25979.22,25.69,50.56,5,2,0
2023-08-13,24229.82,25.09,52.94,6,2,0
2023-08-14,26078.25,24.68,50.45,0,2,0
2023-08-15,24218.06,24.38,50.98,1,2,1
2023-08-16,26919.73,24.56,52.98,2,2,0
2023-08-17,27211.88,24.96,49.82,3,2,0
2023-08-18,27199.7,25.56,46.82,4,2,0
2023-08-19,25555.12,26.1,48.82,5,2,0
2023-08-20,25115.78,27.13,49.43,6,2,0
2023-08-21,26583.81,28.08,46.28,0,2,0
2023-08-22,30595.95,28.54,43.27,1,2,0
2023-08-23,31196.83,29.25,39.01,2,2,0
2023-08-24,31316.31,28.29,40.11,3,2,0
2023-08-25,30854.25,26.02,45.86,4,2,0
2023-08-26,26809.52,22.99,54.8,5,2,0
2023-08-27,22345.08,18.49,55.3,6,2,0
2023-08-28,25856.06,19.75,51.72,0,2,0
2023-08-29,26585.02,20.36,51.82,1,2,0
2023-08-30,27134.15,20.13,54.39,2,2,0
2023-08-31,24824.0,21.31,53.11,3,2,0
2023-09-01,27378.2,22.36,55.25,4,2,0
2023-09-02,23620.06,18.95,75.52,5,2,0
2023-09-03,21902.15,19.23,79.38,6,2,0
2023-09-04,26539.95,21.93,67.18,0,2,0
2023-09-05,27339.38,22.13,62.14,1,2,0
2023-09-06,27758.82,22.67,60.73,2,2,0
2023-09-07,27986.08,23.21,62.22,3,2,0
2023-09-08,27038.51,23.04,62.17,4,2,0
2023-09-09,24002.45,22.35,65.63,5,2,0
2023-09-10,22437.66,22.13,65.29,6,2,0
2023-09-11,26054.84,21.4,68.04,0,2,0
2023-09-12,27403.08,20.63,69.85,1,2,0
2023-09-13,27346.04,20.66,66.57,2,2,0
2023-09-14,27752.42,21.74,66.29,3,2,0
2023-09-15,27228.4,20.7,76.05,4,2,0
2023-09-16,23320.35,19.72,73.61,5,2,0
2023-09-17,21869.98,19.42,72.83,6,2,0
2023-09-18,25776.74,18.79,67.52,0,2,0
2023-09-19,26421.12,18.78,67.57,1,2,0
2023-09-20,26091.32,18.81,64.92,2,2,0
2023-09-21,26025.71,17.24,70.89,3,2,0
2023-09-22,25198.36,15.86,64.03,4,2,0
2023-09-23,21888.4,16.53,59.24,5,2,0
2023-09-24,20695.07,18.79,55.35,6,2,0
2023-09-25,25030.15,19.93,56.15,0,2,0
2023-09-26,26154.95,20.28,60.45,1,2,0
2023-09-27,26520.43,20.81,59.99,2,2,0
2023-09-28,26750.49,21.15,59.03,3,2,0
2023-09-29,26869.83,22.04,58.81,4,2,0
2023-09-30,21272.08,22.95,54.65,5,2,0
2023-10-01,21888.59,23.1,51.61,6,3,0
2023-10-02,26383.82,22.56,52.73,0,3,0
2023-10-03,26891.49,21.01,61.57,1,3,0
2023-10-04,27005.82,21.3,62.32,2,3,0
2023-10-05,26967.02,21.45,58.96,3,3,0
2023-10-06,27078.26,22.02,54.62,4,3,0
2023-10-07,23573.9,22.23,51.96,5,3,0
2023-10-08,21935.25,21.64,52.87,6,3,0
2023-10-09,25598.42,20.69,52.94,0,3,0
2023-10-10,26349.64,19.94,53.12,1,3,0
2023-10-11,26011.82,19.82,53.23,2,3,0
2023-10-12,21804.8,20.26,51.9,3,3,1
2023-10-13,23496.92,19.53,59.27,4,3,0
2023-10-14,22002.74,18.19,72.65,5,3,0
2023-10-15,20683.22,16.9,75.29,6,3,0
2023-10-16,25505.87,17.75,77.86,0,3,0
2023-10-17,26506.09,19.6,70.72,1,3,0
2023-10-18,26481.91,18.71,72.06,2,3,0
2023-10-19,26890.92,15.61,81.16,3,3,0
2023-10-20,25581.66,13.34,72.23,4,3,0
2023-10-21,21899.84,12.18,68.64,5,3,0
2023-10-22,21215.05,12.65,72.19,6,3,0
2023-10-23,25573.72,13.75,81.29,0,3,0
2023-10-24,25719.35,12.77,74.75,1,3,0
2023-10-25,26315.22,15.62,78.1,2,3,0
2023-10-26,26910.81,15.5,81.26,3,3,0
2023-10-27,26292.23,13.45,71.73,4,3,0
2023-10-28,23037.85,14.6,72.41,5,3,0
2023-10-29,21720.62,14.47,75.61,6,3,0
2023-10-30,25788.64,12.74,75.17,0,3,0
2023-10-31,23256.67,11.73,73.01,1,3,0
2023-11-01,22860.27,13.33,74.98,2,3,1
2023-11-02,26418.14,12.56,76.73,3,3,0
2023-11-03,26677.37,10.59,73.17,4,3,0
2023-11-04,23949.71,13.17,76.15,5,3,0
2023-11-05,21879.31,11.72,68.17,6,3,0
2023-11-06,26360.07,9.61,69.82,0,3,0
2023-11-07,27209.03,8.38,72.04,1,3,0
2023-11-08,27807.99,9.62,75.14,2,3,0
2023-11-09,27418.97,11.67,75.64,3,3,0
2023-11-10,27213.57,12.07,75.89,4,3,0
2023-11-11,24081.72,14.86,81.39,5,3,0
2023-11-12,22029.33,15.84,74.5,6,3,0
2023-11-13,26314.07,16.04,75.34,0,3,0
2023-11-14,26641.97,15.75,72.64,1,3,0
2023-11-15,27038.01,15.0,77.11,2,3,0
2023-11-16,27154.11,14.77,77.6,3,3,0
2023-11-17,26644.02,13.68,75.25,4,3,0
2023-11-18,23470.56,13.96,74.2,5,3,0
2023-11-19,21783.07,13.73,74.25,6,3,0
2023-11-20,26368.62,11.96,78.74,0,3,0
2023-11-21,27048.77,9.98,72.42,1,3,0
2023-11-22,27503.82,9.43,65.5,2,3,0
2023-11-23,27907.0,9.0,59.53,3,3,0
2023-11-24,27934.59,9.68,63.1,4,3,0
2023-11-25,24683.75,9.78,67.21,5,3,0
2023-11-26,23406.66,8.98,71.4,6,3,0
2023-11-27,28319.25,9.6,77.23,0,3,0
2023-11-28,28926.66,11.35,81.77,1,3,0
2023-11-29,28958.04,12.78,83.91,2,3,0
2023-11-30,24816.0,12.58,85.49,3,3,0
2023-12-01,28249.5,8.89,80.43,4,3,0
2023-12-02,25081.24,6.74,76.83,5,3,0
2023-12-03,24343.12,6.04,74.4,6,3,0
2023-12-04,29205.86,7.89,80.48,0,3,0
2023-12-05,29576.9,6.46,78.28,1,3,0
2023-12-06,26354.47,6.95,80.33,2,3,1
2023-12-07,27373.29,8.64,84.7,3,3,0
2023-12-08,24718.05,9.35,76.72,4,3,1
2023-12-09,24532.09,10.88,80.24,5,3,0
2023-12-10,23395.41,13.03,81.8,6,3,0
2023-12-11,27936.05,13.17,74.59,0,3,0
2023-12-12,28666.62,12.47,78.18,1,3,0
2023-12-13,28922.57,9.1,73.69,2,3,0
2023-12-14,29047.6,7.78,70.37,3,3,0
2023-12-15,29055.25,8.54,72.67,4,3,0
2023-12-16,25994.05,7.35,70.96,5,3,0
2023-12-17,25033.59,6.51,72.23,6,3,0
2023-12-18,29883.18,6.1,70.36,0,3,0
2023-12-19,30253.0,6.12,67.12,1,3,0
2023-12-20,30430.53,7.0,73.48,2,3,0
2023-12-21,29523.32,8.17,73.69,3,3,0
2023-12-22,28004.8,9.13,71.52,4,3,0
2023-12-23,24810.14,7.86,74.46,5,3,0
2023-12-24,23084.08,6.99,76.24,6,3,0
2023-12-25,21519.26,6.5,73.98,0,3,1
2023-12-26,25735.32,5.99,73.33,1,3,0
2023-12-27,27314.3,6.42,69.44,2,3,0
2023-12-28,27768.56,7.18,74.2,3,3,0
2023-12-29,27334.7,8.25,75.97,4,3,0
2023-12-30,24497.01,8.63,75.08,5,3,0
2023-12-31,21863.42,8.04,75.51,6,3,0
2024-01-01,21456.17,7.75,72.08,0,0,1
2024-01-02,27394.89,9.16,73.37,1,0,0
2024-01-03,28213.62,10.83,79.05,2,0,0
2024-01-04,28478.32,9.29,84.83,3,0,0
2024-01-05,27111.3,6.75,80.53,4,0,0
2024-01-06,23720.59,5.74,74.57,5,0,1
2024-01-07,24656.52,5.12,70.91,6,0,0
2024-01-08,30755.73,3.96,70.14,0,0,0
2024-01-09,32039.67,5.06,80.1,1,0,0
2024-01-10,32209.31,5.78,88.93,2,0,0
2024-01-11,31697.7,4.79,81.28,3,0,0
2024-01-12,31576.61,4.74,76.71,4,0,0
2024-01-13,27905.18,7.23,72.96,5,0,0
2024-01-14,25611.85,10.24,75.54,6,0,0
2024-01-15,30313.01,11.87,85.72,0,0,0
2024-01-16,30252.4,12.33,80.01,1,0,0
2024-01-17,29678.99,12.51,77.15,2,0,0
2024-01-18,29228.97,11.58,76.01,3,0,0
2024-01-19,30438.09,6.44,81.57,4,0,0
2024-01-20,26581.24,5.01,74.55,5,0,0
2024-01-21,24907.57,7.03,75.29,6,0,0
2024-01-22,29545.83,8.88,77.35,0,0,0
2024-01-23,29690.12,11.71,78.15,1,0,0
2024-01-24,29215.73,12.5,73.0,2,0,0
2024-01-25,28907.47,12.84,68.3,3,0,0
2024-01-26,28501.17,12.26,67.82,4,0,0
2024-01-27,24795.16,12.17,66.3,5,0,0
2024-01-28,23242.87,11.52,68.82,6,0,0
2024-01-29,28176.88,10.95,73.0,0,0,0
2024-01-30,29123.08,10.12,77.32,1,0,0
2024-01-31,25311.42,9.79,75.18,2,0,0
2024-02-01,28585.77,9.79,70.64,3,0,0
2024-02-02,28204.66,10.09,70.94,4,0,0
2024-02-03,24916.01,10.24,68.4,5,0,0
2024-02-04,23395.27,10.48,67.17,6,0,0
2024-02-05,28387.34,10.0,68.1,0,0,0
2024-02-06,28859.75,10.25,70.58,1,0,0
2024-02-07,29249.19,9.83,74.29,2,0,0
2024-02-08,29557.38,11.01,68.12,3,0,0
2024-02-09,29507.39,10.44,86.24,4,0,0
2024-02-10,25539.08,7.88,73.69,5,0,0
2024-02-11,24684.78,7.33,75.58,6,0,0
2024-02-12,27926.5,11.29,74.23,0,0,0
2024-02-13,27883.53,12.63,76.35,1,0,0
2024-02-14,28064.11,13.64,73.48,2,0,0
2024-02-15,28543.66,13.28,73.26,3,0,0
2024-02-16,27940.11,10.4,77.53,4,0,0
2024-02-17,23932.39,10.37,67.67,5,0,0
2024-02-18,22660.02,11.11,66.21,6,0,0
2024-02-19,26813.97,11.96,68.21,0,0,0
2024-02-20,27322.46,11.65,58.89,1,0,0
2024-02-21,28045.35,10.92,62.17,2,0,0
2024-02-22,28188.88,11.22,70.07,3,0,0
2024-02-23,27904.09,7.32,68.14,4,0,0
2024-02-24,25269.68,7.05,68.45,5,0,0
2024-02-25,24233.09,9.41,79.88,6,0,0
2024-02-26,28488.61,7.92,74.34,0,0,0
2024-02-27,28901.92,7.09,63.31,1,0,0
2024-02-28,28318.74,8.11,63.15,2,0,0
2024-02-29,25597.75,8.54,68.69,3,0,0
2024-03-01,28191.88,7.59,64.6,4,0,0
2024-03-02,25748.01,6.87,77.3,5,0,0
2024-03-03,23844.38,6.08,71.03,6,0,0
2024-03-04,28974.2,8.66,74.81,0,0,0
2024-03-05,28294.7,8.4,64.43,1,0,0
2024-03-06,28591.8,8.49,63.31,2,0,0
2024-03-07,29073.36,8.9,71.85,3,0,0
2024-03-08,28978.24,7.76,74.11,4,0,0
2024-03-09,26545.51,6.96,80.89,5,0,0
2024-03-10,23882.48,8.38,75.31,6,0,0
2024-03-11,27957.36,9.07,68.28,0,0,0
2024-03-12,27952.34,10.19,64.94,1,0,0
2024-03-13,28002.77,11.69,59.65,2,0,0
2024-03-14,28018.27,12.15,68.92,3,0,0
2024-03-15,27329.15,13.33,71.02,4,0,0
2024-03-16,23944.63,13.91,68.53,5,0,0
2024-03-17,22221.5,15.58,64.72,6,0,0
2024-03-18,25661.48,15.73,64.67,0,0,0
2024-03-19,25432.94,16.05,62.98,1,0,0
2024-03-20,26309.75,14.87,67.9,2,0,0
2024-03-21,26570.16,15.84,65.29,3,0,0
2024-03-22,26371.79,17.42,55.75,4,0,0
2024-03-23,22590.69,15.4,58.24,5,0,0
2024-03-24,21335.7,13.07,60.14,6,0,0
2024-03-25,26787.88,10.24,82.46,0,0,0
2024-03-26,27297.89,6.99,72.92,1,0,0
2024-03-27,26814.44,9.16,72.65,2,0,0
2024-03-28,23621.73,11.29,73.54,3,0,0
2024-03-29,22020.58,9.83,77.72,4,0,1
2024-03-30,22645.47,8.62,77.9,5,0,0
2024-03-31,20948.42,8.17,81.22,6,0,0
2024-04-01,23377.73,9.31,67.98,0,1,0
2024-04-02,27051.2,10.29,67.81,1,1,0
2024-04-03,26669.51,13.56,64.92,2,1,0
2024-04-04,26148.46,14.6,60.2,3,1,0
2024-04-05,25609.98,17.04,49.93,4,1,0
2024-04-06,22715.18,17.54,51.95,5,1,0
2024-04-07,21490.23,16.64,63.42,6,1,0
2024-04-08,25247.44,13.28,68.77,0,1,0
2024-04-09,25386.27,10.38,56.07,1,1,0
2024-04-10,25597.63,12.09,53.64,2,1,0
2024-04-11,25644.79,15.19,53.1,3,1,0
2024-04-12,25527.5,16.62,49.02,4,1,0
2024-04-13,22269.94,18.0,47.54,5,1,0
2024-04-14,20729.16,18.15,48.84,6,1,0
2024-04-15,25184.11,16.74,56.43,0,1,0
2024-04-16,25642.45,15.21,57.95,1,1,0
2024-04-17,25345.44,13.69,59.66,2,1,0
2024-04-18,25561.13,12.94,59.28,3,1,0
2024-04-19,25716.61,13.28,53.6,4,1,0
2024-04-20,22547.9,14.06,53.8,5,1,0
2024-04-21,20842.5,13.17,52.99,6,1,0
2024-04-22,25029.73,11.22,50.67,0,1,0
2024-04-23,25829.15,9.55,54.75,1,1,0
2024-04-24,26160.78,10.65,50.07,2,1,0
2024-04-25,26920.6,11.62,61.31,3,1,0
2024-04-26,26327.77,11.61,68.69,4,1,0
2024-04-27,23435.24,11.22,72.43,5,1,0
2024-04-28,21903.08,10.65,67.07,6,1,0
2024-04-29,26588.53,10.87,69.92,0,1,0
2024-04-30,22566.04,11.85,68.71,1,1,0
2024-05-01,21584.73,9.98,68.32,2,1,1
2024-05-02,24715.89,9.9,59.97,3,1,0
2024-05-03,25288.08,11.96,57.63,4,1,0
2024-05-04,22658.26,15.83,55.68,5,1,0
2024-05-05,21484.75,15.59,66.87,6,1,0
2024-05-06,25308.65,14.59,63.91,0,1,0
2024-05-07,25370.1,14.17,57.78,1,1,0
2024-05-08,25757.86,15.97,50.33,2,1,0
2024-05-09,25745.49,17.04,47.13,3,1,0
2024-05-10,25223.94,18.54,45.54,4,1,0
2024-05-11,22266.39,18.45,50.51,5,1,0
2024-05-12,20848.59,17.55,56.88,6,1,0
2024-05-13,25390.64,17.38,61.61,0,1,0
2024-05-14,25892.74,14.28,65.21,1,1,0
2024-05-15,25466.98,12.77,59.65,2,1,0
2024-05-16,25818.29,12.8,60.55,3,1,0
2024-05-17,25383.85,14.22,66.14,4,1,0
2024-05-18,22454.5,14.19,64.27,5,1,0
2024-05-19,21052.29,14.16,68.97,6,1,0
2024-05-20,24831.47,14.09,64.53,0,1,0
2024-05-21,25450.11,14.39,64.24,1,1,0
2024-05-22,25639.53,14.75,59.84,2,1,0
2024-05-23,25661.75,15.24,55.7,3,1,0
2024-05-24,25450.27,16.84,53.87,4,1,0
2024-05-25,22499.3,18.32,52.17,5,1,0
2024-05-26,20910.32,18.33,56.69,6,1,0
2024-05-27,25654.27,18.08,57.46,0,1,0
2024-05-28,26332.69,19.15,52.83,1,1,0
2024-05-29,26917.02,20.74,50.27,2,1,0
2024-05-30,27086.74,20.71,54.0,3,1,0
2024-05-31,23966.38,18.66,52.21,4,1,0
2024-06-01,23224.39,17.65,55.43,5,1,0
2024-06-02,21652.76,17.94,54.58,6,1,0
2024-06-03,26107.43,19.0,55.1,0,1,0
2024-06-04,26474.37,20.09,52.04,1,1,0
2024-06-05,27184.1,21.49,49.48,2,1,0
2024-06-06,27712.75,22.92,47.26,3,1,0
2024-06-07,27586.28,23.12,51.54,4,1,0
2024-06-08,23978.64,20.21,66.98,5,1,0
2024-06-09,21691.08,17.79,69.38,6,1,0
2024-06-10,25934.19,17.3,66.28,0,1,0
2024-06-11,26178.9,16.68,66.28,1,1,0
2024-06-12,25972.03,16.57,63.38,2,1,0
2024-06-13,25395.99,17.71,54.05,3,1,0
2024-06-14,26301.98,20.43,52.63,4,1,0
2024-06-15,22959.64,19.19,51.06,5,1,0
2024-06-16,21275.02,19.34,52.99,6,1,0
2024-06-17,26655.08,20.74,54.02,0,1,0
2024-06-18,27216.28,19.76,63.27,1,1,0
2024-06-19,26805.22,18.31,63.64,2,1,0
2024-06-20,26474.31,17.1,69.53,3,1,0
2024-06-21,25877.82,18.72,56.53,4,1,0
2024-06-22,23406.48,20.08,53.9,5,1,0
2024-06-23,21819.02,21.19,57.24,6,1,0
2024-06-24,25439.37,22.2,54.71,0,1,0
2024-06-25,28135.67,23.05,56.24,1,1,0
2024-06-26,28233.99,23.03,60.49,2,1,0
2024-06-27,28272.52,22.73,60.33,3,1,0
2024-06-28,27860.47,21.3,65.42,4,1,0
2024-06-29,24594.84,18.95,73.72,5,1,0
2024-06-30,22915.5,20.27,65.94,6,1,0
2024-07-01,26566.16,20.09,60.67,0,2,0
2024-07-02,27385.9,21.14,54.5,1,2,0
2024-07-03,28182.82,22.42,44.54,2,2,0
2024-07-04,29205.89,23.71,46.06,3,2,0
2024-07-05,29243.78,24.59,49.06,4,2,0
2024-07-06,25325.07,20.77,62.69,5,2,0
2024-07-07,23000.6,20.03,56.86,6,2,0
2024-07-08,27620.59,21.95,52.14,0,2,0
2024-07-09,28730.89,22.67,54.84,1,2,0
2024-07-10,29789.72,24.14,54.38,2,2,0
2024-07-11,30782.88,25.18,53.46,3,2,0
2024-07-12,30172.78,22.65,53.39,4,2,0
2024-07-13,25877.35,21.96,53.75,5,2,0
2024-07-14,24083.2,23.02,48.87,6,2,0
2024-07-15,29260.98,22.77,53.51,0,2,0
2024-07-16,29766.45,22.45,51.48,1,2,0
2024-07-17,30203.55,23.87,49.76,2,2,0
2024-07-18,31034.18,25.29,48.07,3,2,0
2024-07-19,31162.93,26.64,43.89,4,2,0
2024-07-20,27512.3,25.11,49.53,5,2,0
2024-07-21,24719.12,22.15,49.11,6,2,0
2024-07-22,29110.6,23.26,44.85,0,2,0
2024-07-23,30709.21,26.06,43.69,1,2,0
2024-07-24,31532.41,26.87,44.28,2,2,0
2024-07-25,30082.99,26.01,47.79,3,2,0
2024-07-26,30124.62,25.42,51.48,4,2,0
2024-07-27,27298.52,25.61,52.35,5,2,0
2024-07-28,26053.3,26.82,47.93,6,2,0
2024-07-29,31201.66,27.73,46.83,0,2,0
2024-07-30,32282.71,27.85,44.23,1,2,0
2024-07-31,29171.46,27.07,44.71,2,2,0
2024-08-01,31852.15,26.26,48.87,3,2,0
2024-08-02,30600.19,24.15,55.61,4,2,0
2024-08-03,26902.77,24.46,50.36,5,2,0
2024-08-04,25729.87,25.51,46.87,6,2,0
2024-08-05,29450.19,26.08,48.43,0,2,0
2024-08-06,29862.65,25.7,51.18,1,2,0
2024-08-07,29878.91,25.62,51.11,2,2,0
2024-08-08,29969.36,26.16,49.87,3,2,0
2024-08-09,29894.39,26.87,48.24,4,2,0
2024-08-10,27474.28,27.86,43.71,5,2,0
2024-08-11,25915.55,27.88,42.52,6,2,0
2024-08-12,29121.62,26.0,52.23,0,2,0
2024-08-13,28519.97,23.36,60.54,1,2,0
2024-08-14,27007.15,21.68,60.44,2,2,0
2024-08-15,23751.16,21.73,52.37,3,2,1
2024-08-16,25382.02,23.27,47.76,4,2,0
2024-08-17,25038.22,24.57,49.15,5,2,0
2024-08-18,24286.14,24.28,55.08,6,2,0
2024-08-19,27626.23,23.86,49.16,0,2,0
2024-08-20,28539.33,23.92,50.72,1,2,0
2024-08-21,28867.89,24.51,55.12,2,2,0
2024-08-22,29016.12,24.79,54.62,3,2,0
2024-08-23,28862.88,24.84,53.17,4,2,0
2024-08-24,26524.89,24.73,54.67,5,2,0
2024-08-25,24801.1,22.67,59.87,6,2,0
2024-08-26,28791.76,23.07,57.45,0,2,0
2024-08-27,29874.61,24.5,53.99,1,2,0
2024-08-28,30238.21,24.44,56.89,2,2,0
2024-08-29,29898.69,23.42,67.85,3,2,0
2024-08-30,29492.76,23.35,67.34,4,2,0
2024-08-31,24283.21,23.55,68.7,5,2,0
2024-09-01,24332.66,23.22,66.79,6,2,0
2024-09-02,29116.98,22.42,67.99,0,2,0
2024-09-03,29002.93,20.71,70.49,1,2,0
2024-09-04,27922.34,19.39,67.14,2,2,0
2024-09-05,27608.98,18.45,64.2,3,2,0
2024-09-06,27490.03,18.61,62.99,4,2,0
2024-09-07,24096.66,19.14,57.0,5,2,0
2024-09-08,22476.01,19.22,61.07,6,2,0
2024-09-09,26505.05,19.23,57.77,0,2,0
2024-09-10,27336.33,19.68,57.97,1,2,0
2024-09-11,26731.35,19.07,59.86,2,2,0
2024-09-12,27607.68,18.68,63.74,3,2,0
2024-09-13,26404.01,17.05,56.46,4,2,0
2024-09-14,23274.99,17.67,53.23,5,2,0
2024-09-15,21799.02,18.82,47.74,6,2,0
2024-09-16,26514.67,19.14,44.68,0,2,0
2024-09-17,26946.13,18.15,56.7,1,2,0
2024-09-18,27094.79,18.45,65.22,2,2,0
2024-09-19,27113.67,18.59,72.22,3,2,0
2024-09-20,26693.14,18.26,76.86,4,2,0
2024-09-21,23459.12,18.35,79.76,5,2,0
2024-09-22,21748.35,18.01,72.44,6,2,0
2024-09-23,25660.4,17.31,65.15,0,2,0
2024-09-24,25972.13,16.96,66.4,1,2,0
2024-09-25,27176.16,18.86,72.21,2,2,0
2024-09-26,27678.81,19.71,70.31,3,2,0
