fecha,tmed,hrMedia
2019-01-01,7.546275023449659,64.55133203491135
2019-01-02,6.299199993114516,68.13908305207298
2019-01-03,5.589226314075767,66.48409152111854
2019-01-04,5.572485826378418,64.74837486202875
2019-01-05,6.092966329795733,59.18874060904284
2019-01-06,6.567710683068239,53.04513909046019
2019-01-07,5.782109875532527,57.665228892589035
2019-01-08,5.960685624218008,65.16698186191405
2019-01-09,6.926523635357687,67.41107189231488
2019-01-10,4.310769678648275,60.542994762678376
2019-01-11,3.153236859991819,59.533466044507236
2019-01-12,4.787311811045077,68.07780665893769
2019-01-13,6.122794012725977,69.30097318213386
2019-01-14,7.726978669595211,68.14526739280377
2019-01-15,6.940860253332932,71.94478916676262
2019-01-16,5.736987983063701,79.076481315955
2019-01-17,5.383702215205726,79.2512221422545
2019-01-18,4.2026842715918065,77.40842608607664
2019-01-19,5.262002926706281,83.11442196163921
2019-01-20,6.462343547775691,81.34998068036158
2019-01-21,5.328072257018596,72.62257911722673
2019-01-22,4.143738251103998,78.26696869082639
2019-01-23,7.798403015666822,77.896112062758
2019-01-24,8.762338061697257,72.616950945904
2019-01-25,9.162727351733233,70.35586765488007
2019-01-26,8.610612557310452,69.36063775735082
2019-01-27,7.053625043383063,67.93040249358434
2019-01-28,7.190147334456422,71.1117000621546
2019-01-29,6.9243567964140595,78.48576926117487
2019-01-30,6.991008152243775,72.43988804598996
2019-01-31,9.795401092277318,83.91720839846894
2019-02-01,7.215417555317411,76.56815170395937
2019-02-02,4.677535185247248,68.84298227279018
2019-02-03,3.8662357470412347,61.55813424275742
2019-02-04,5.342176316293753,60.16521454251457
2019-02-05,8.828211403068027,67.11615454228624
2019-02-06,9.439988123245524,69.2170476089396
2019-02-07,8.806419509875933,69.37954246037853
2019-02-08,8.216102416619833,70.5173081997589
2019-02-09,9.091723116924499,69.62815808607306
2019-02-10,8.771715900870028,74.71033018074148
2019-02-11,8.2858926014433,69.21919408482437
2019-02-12,7.930989239652237,65.56719527999621
2019-02-13,8.496223890676472,62.10635742191819
2019-02-14,9.247727215669352,58.63712762292797
2019-02-15,9.487377497615931,60.7448335999809
2019-02-16,9.75890953936687,56.311384680439005
2019-02-17,9.293477261261282,52.730846670379215
2019-02-18,8.782774145504034,66.86952876064174
2019-02-19,8.48187627113667,71.99201873057798
2019-02-20,8.673734183039064,69.37996985101151
2019-02-21,9.78175188564913,61.873086082504166
2019-02-22,11.243659644412691,50.32657760387202
2019-02-23,11.260761223906195,50.46127603330441
2019-02-24,11.199633909012043,55.644841582237
2019-02-25,11.302208320658979,56.89651172027151
2019-02-26,11.897117045552728,50.380710750471124
2019-02-27,12.173116792675215,45.62895071193984
2019-02-28,11.09779861841981,56.690141056462195
2019-03-01,10.758131217154087,59.17866057568757
2019-03-02,12.043303472225574,58.509131210335006
2019-03-03,12.582399233856217,51.99008804123586
2019-03-04,11.642398437914744,61.40971035465715
2019-03-05,11.34284764118337,69.32599198059478
2019-03-06,10.393399800552581,75.61812301365939
2019-03-07,8.286942246240544,66.24607982365706
2019-03-08,9.425835732801438,67.33498791699338
2019-03-09,11.496176630214695,64.00407218084744
2019-03-10,12.72729386107256,66.0146874922244
2019-03-11,11.830198007515184,61.13528030057903
2019-03-12,11.625708754999303,61.65003454562524
2019-03-13,9.384244195805497,61.71522227927602
2019-03-14,9.69405451091073,55.23587394852933
2019-03-15,12.18151366833,49.52513676856329
2019-03-16,13.237888114313744,46.390792425004165
2019-03-17,11.14002224865811,57.02088856262651
2019-03-18,9.056934233785658,58.50502836794139
2019-03-19,9.064077711753075,61.39506262757251
2019-03-20,8.59779400698012,57.35016130785633
2019-03-21,8.65045324607418,52.599214302275605
2019-03-22,10.011584088795887,49.8840380825038
2019-03-23,11.769660725765299,52.09209559531757
2019-03-24,12.772807764763,50.82120150286445
2019-03-25,11.94024448487293,51.2249454542866
2019-03-26,11.57080253898363,44.05687480685837
2019-03-27,10.512516916170105,43.54928064102562
2019-03-28,10.54766789838268,46.90771721033465
2019-03-29,10.75042734253235,49.480618630899805
2019-03-30,11.488467891093215,54.17086631111827
2019-03-31,10.747249931742717,70.35933087365831
2019-04-01,11.760783178037071,72.74149054761273
2019-04-02,11.795418383434011,68.94568120784939
2019-04-03,9.074140728999959,65.60266574140495
2019-04-04,7.754622854388251,55.714001807884785
2019-04-05,7.668695482957369,75.79824718341696
2019-04-06,7.621661360732523,74.22662288822917
2019-04-07,8.733039502690348,71.85234408495621
2019-04-08,10.987580514928004,72.52288703750051
2019-04-09,9.922504057175244,71.95525055085987
2019-04-10,9.847732829107763,69.71725729853678
2019-04-11,9.918239358511666,62.37581689419722
2019-04-12,10.878162332610207,54.85858191304104
2019-04-13,12.308609623871376,48.041267725703584
2019-04-14,15.146113331771597,59.70917190788698
2019-04-15,14.726662689358,65.04715264210598
2019-04-16,13.401282915195354,60.626166228321885
2019-04-17,14.494375486272313,63.200259222517104
2019-04-18,12.066374863832692,79.48880903192764
2019-04-19,12.34127312454828,75.90139779774698
2019-04-20,13.14108092803855,64.7536077179611
2019-04-21,11.400504920621042,72.15392542832186
2019-04-22,12.541167219806942,68.65476675042954
2019-04-23,10.477039454909978,75.06336895864018
2019-04-24,9.935425340684423,75.54501941800619
2019-04-25,10.853620940360996,70.70396341725927
2019-04-26,11.262353413718072,61.02557023497376
2019-04-27,12.873977097782419,60.344592991048124
2019-04-28,14.556135589554408,54.37849311734565
2019-04-29,15.268718620744972,55.87262008531393
2019-04-30,15.770265544300779,57.500715753436594
2019-05-01,15.545824152898506,59.08962599937106
2019-05-02,14.984492547283494,60.034816275657974
2019-05-03,12.623294900404789,64.49675717283712
2019-05-04,13.10160551297326,57.77484103016349
2019-05-05,13.041009407213899,49.52917833332385
2019-05-06,14.030493037919799,52.6521905204935
2019-05-07,15.472172669038478,61.781179915813034
2019-05-08,15.720029443420175,63.676346603503106
2019-05-09,15.135911507294589,65.84643306805562
2019-05-10,18.194816628387724,62.570699144327264
2019-05-11,16.73988057365351,54.27261265893041
2019-05-12,16.684537563205023,43.7923975727633
2019-05-13,17.110238149866856,40.20805851485134
2019-05-14,17.46702578153595,41.9709911893975
2019-05-15,18.65051773150784,43.053190476575956
2019-05-16,16.796930360291004,56.96060583383167
2019-05-17,12.265219838807297,62.16060725176917
2019-05-18,11.707042359716159,57.832527157137044
2019-05-19,12.482431041911589,56.359317496193526
2019-05-20,13.69567305831844,53.56721765671037
2019-05-21,15.66521619260932,54.65447010241349
2019-05-22,17.041991046227924,51.52726915321893
2019-05-23,18.22499917621074,53.26740003977662
2019-05-24,15.613129000663227,64.53742721729817
2019-05-25,15.879261034064216,58.479383036334006
2019-05-26,16.58730076459587,54.987806184382244
2019-05-27,17.622634109895294,55.33512056957061
2019-05-28,16.88527295438379,52.56045136743561
2019-05-29,16.754801761929517,49.114128745731094
2019-05-30,18.627465302683216,45.101002525395394
2019-05-31,20.417766512486427,42.1865951863562
2019-06-01,21.430699707167935,38.70293914204374
2019-06-02,21.528771693752184,39.6775789539203
2019-06-03,21.436634357107852,43.95228982217666
2019-06-04,19.404904341423965,52.597413963761134
2019-06-05,15.126181933065231,55.65839664883641
2019-06-06,15.379291901102826,50.691600266686315
2019-06-07,15.439189214759622,50.428822570660216
2019-06-08,16.144744694868454,49.68562258957558
2019-06-09,17.72094845433362,52.28737528004103
2019-06-10,16.59315821015498,52.3548500290894
2019-06-11,14.473166625209194,57.117484106006245
2019-06-12,14.815726441720116,49.690043738980926
2019-06-13,16.713700307926324,53.933299601946004
2019-06-14,16.837449009015238,53.61785246258738
2019-06-15,17.123607828124403,48.67871569820796
2019-06-16,18.307709977565533,47.18423950551248
2019-06-17,20.11321207713497,45.67999742038015
2019-06-18,20.797544928961205,45.45803986260807
2019-06-19,20.217882629870328,55.80772382161042
2019-06-20,19.49909536916866,61.60986606051802
2019-06-21,18.911984265390377,59.582024281531424
2019-06-22,20.465082153199546,50.90969953676495
2019-06-23,22.177236930038223,49.584881375919444
2019-06-24,21.683978864820606,55.729895123202894
2019-06-25,22.406671229536226,56.53896200344019
2019-06-26,24.37021833794463,51.65577981472122
2019-06-27,25.481189525794495,46.063280128305664
2019-06-28,26.118365154220847,42.10043918451188
2019-06-29,26.426575272749837,40.77157548936488
2019-06-30,25.149987045775426,46.93442611881445
2019-07-01,23.464762410835206,55.262509831892984
2019-07-02,22.86785498865453,55.98528475185683
2019-07-03,23.64947820084286,54.01587514456078
2019-07-04,23.63099490731641,52.446163399024186
2019-07-05,23.85417657942971,50.03654841180209
2019-07-06,23.916579635908803,48.68918667075585
2019-07-07,23.754767529535588,50.851589072785835
2019-07-08,21.78224372019288,62.574131734539584
2019-07-09,20.798416601670443,59.25930522498748
2019-07-10,22.544988623726805,48.65306353771006
2019-07-11,24.84641838681296,44.34191237927272
2019-07-12,25.721598795577073,45.22774356973412
2019-07-13,24.448547603248628,54.1256762191749
2019-07-14,22.98066929968745,57.10158247231314
2019-07-15,23.402059635225005,49.85724663999529
2019-07-16,23.175049258028096,51.598758506671565
2019-07-17,22.805256371040084,58.64988226639124
2019-07-18,23.04230947139668,52.86622047880471
2019-07-19,24.605799973177696,46.95073301957637
2019-07-20,25.396168220624798,49.88798688571831
2019-07-21,25.545584303950363,52.04123729740272
2019-07-22,27.043445045265543,46.40452646386942
2019-07-23,27.08267690916993,44.05603164145174
2019-07-24,26.53494055876431,44.421254355358066
2019-07-25,25.768915371280357,47.73647975378076
2019-07-26,22.20086110384219,58.24621060414832
2019-07-27,19.741366093377763,63.629388162232026
2019-07-28,20.638921319533136,52.60231342737332
2019-07-29,21.797074195246978,49.984403749625365
2019-07-30,21.07314378303813,48.634388017982815
2019-07-31,21.67609175134584,53.46186947454263
2019-08-01,23.471063870719277,54.55966645303128
2019-08-02,23.8311711477348,49.82402124834577
2019-08-03,24.468647507490473,48.538500813584434
2019-08-04,24.605026578950937,51.260541017673695
2019-08-05,24.669396376272786,50.14116080296128
2019-08-06,24.75595801504106,51.22213753812851
2019-08-07,23.712539034709923,57.30268949304838
2019-08-08,25.28662932841524,52.07429618154323
2019-08-09,24.264132915983947,54.090815365091444
2019-08-10,23.223736751853966,53.69318049312784
2019-08-11,21.59882802156782,54.97350074343639
2019-08-12,19.802057770660706,49.110886987237826
2019-08-13,20.472414650238985,49.08364967205804
2019-08-14,22.120550651222285,48.94221909448706
2019-08-15,23.36321543893044,52.055884995313775
2019-08-16,24.048314537928995,49.008856092370515
2019-08-17,25.044721775414562,47.30192755870088
2019-08-18,23.814930074588805,53.19938067643224
2019-08-19,21.997862132284567,57.86170959990293
2019-08-20,21.27063980674923,59.889321749714014
2019-08-21,22.01151217153128,61.06148487901266
2019-08-22,22.590094234683775,51.43716684473483
2019-08-23,23.5190637663926,45.22778343551167
2019-08-24,23.841524791626977,47.58801474783205
2019-08-25,23.48237096401274,54.63131674321725
2019-08-26,22.111570164614438,64.26833383138096
2019-08-27,21.193553954496654,66.05187112060638
2019-08-28,22.709594973431944,58.053286392891465
2019-08-29,24.033459510697156,55.6397214397766
2019-08-30,24.519273088676503,54.599123335888066
2019-08-31,23.943784359831387,55.10551900734629
2019-09-01,22.510204484662324,60.02341713212916
2019-09-02,21.666644100830766,56.921081525356485
2019-09-03,22.16396008082614,51.680436575066395
2019-09-04,22.07488173398823,53.86712211272644
2019-09-05,20.047670949905875,55.983205663341614
2019-09-06,18.878328265557112,53.6015665322302
2019-09-07,19.145010835469844,53.63397030643451
2019-09-08,19.400367702886605,58.22588225163265
2019-09-09,19.201158289031728,55.746306366318144
2019-09-10,16.207899610784853,57.4113452500009
2019-09-11,17.439574519433027,58.40960878925622
2019-09-12,19.07563790237813,59.28185021809251
2019-09-13,19.34040846060254,64.80531639850213
2019-09-14,20.15365445310156,67.72007642266655
2019-09-15,20.72299444168893,72.5820854970212
2019-09-16,21.250342359393457,70.52671615547663
2019-09-17,21.796844719559648,67.39329733901849
2019-09-18,20.720456573427477,67.44615946818836
2019-09-19,20.63119372340061,66.27326790214434
2019-09-20,20.333805113362583,69.73316799154522
2019-09-21,19.02976525580948,76.88667323499384
2019-09-22,18.03341163207287,70.14045425809263
2019-09-23,17.602991322671013,63.69445896460765
2019-09-24,19.41426220829361,61.97049258801078
2019-09-25,18.615998949359525,62.40661554953074
2019-09-26,19.460411235790467,60.009667063119444
2019-09-27,19.396031039370193,60.56009290838671
2019-09-28,19.414060757267073,58.6252264156382
2019-09-29,20.15572601993516,55.44272201148453
2019-09-30,20.541917791552255,58.87451747847568
2019-10-01,19.683462987863376,59.3384679577859
2019-10-02,17.2849736873221,59.280460983700834
2019-10-03,17.330083050549796,56.39819085131921
2019-10-04,18.10747917042808,61.98567069318046
2019-10-05,18.307050399438946,63.127501196579914
2019-10-06,17.963919601072355,62.75109157707403
2019-10-07,19.04109572311803,51.69933268453512
2019-10-08,19.66268714747685,58.41266111012411
2019-10-09,18.175081082086024,63.69396744800609
2019-10-10,17.796327404776488,62.5870510074825
2019-10-11,19.153567060612502,63.22798485030647
2019-10-12,20.65288853431236,62.32121920673885
2019-10-13,19.387068120104253,65.48325836315742
2019-10-14,15.3782910115864,74.68081547123295
2019-10-15,12.581843382855896,63.1388213167455
2019-10-16,14.262577988970195,61.1636256321639
2019-10-17,15.343033571332404,68.74826346636755
2019-10-18,15.966574608417607,73.26941092656573
2019-10-19,15.075320538038207,76.04894217071265
2019-10-20,11.325684699914309,80.05921740490068
2019-10-21,10.727666959049365,75.0970412162645
2019-10-22,9.944745602396857,83.7841123169296
2019-10-23,10.92310379861704,83.41727567204228
2019-10-24,12.082865125561247,77.11309907607081
2019-10-25,14.595240428411081,69.45931488115215
2019-10-26,15.613271032242318,63.97441502761675
2019-10-27,15.46847772484561,69.08788173523888
2019-10-28,15.976630012486737,73.33313223413063
2019-10-29,15.872586096044193,77.42759722581332
2019-10-30,15.622194208448319,78.65411384387603
2019-10-31,17.058701000858026,78.02961088075031
2019-11-01,17.313181951097377,80.64002695287307
2019-11-02,15.84717768610384,78.4334211918708
2019-11-03,13.830911052650002,69.21277227036362
2019-11-04,13.562597791059906,75.5371593429194
2019-11-05,10.930850908083231,73.06951560787654
2019-11-06,10.518104280395319,73.42988559764848
2019-11-07,9.25792394443447,74.84318109517498
2019-11-08,7.693331916329123,69.67515909048053
2019-11-09,8.458912019268062,73.97224074909332
2019-11-10,7.434912860004148,74.30593652899272
2019-11-11,8.566411278981306,78.04179391159818
2019-11-12,9.170317450464617,72.93463755597364
2019-11-13,10.946402055705606,77.65177146565925
2019-11-14,7.168893097234153,78.55887647616107
2019-11-15,5.417795212387215,75.17392530157498
2019-11-16,5.231448305533965,73.18800190273667
2019-11-17,6.69220129953834,83.02591672522536
2019-11-18,6.839732214429852,75.86436101429328
2019-11-19,6.037596843567322,75.73702182496247
2019-11-20,6.486321570897932,81.6109535304199
2019-11-21,8.242523546358557,83.4772145416131
2019-11-22,9.737916865781497,87.65354330338319
2019-11-23,8.755188462521721,74.22179803578611
2019-11-24,8.38696835607772,76.2982118677928
2019-11-25,11.50445265048606,82.32579092037554
2019-11-26,12.420403357291747,81.42432386323757
2019-11-27,11.471048072541803,76.97678096425054
2019-11-28,11.29659724774807,81.80532315532548
2019-11-29,11.968052813118032,81.93925367991814
2019-11-30,10.947006551124739,82.59888724312056
2019-12-01,8.690770637321942,84.00302362365268
2019-12-02,7.775111732266197,80.62271393088348
2019-12-03,6.224364372805655,79.66410798541162
2019-12-04,6.983730451388098,83.1590399728396
2019-12-05,8.342762024035371,82.48604682498676
2019-12-06,8.734275536703825,81.33438648216519
2019-12-07,8.673884022807535,82.05669691397911
2019-12-08,8.002519753910791,86.46205853835241
2019-12-09,8.851489398218854,76.14413974227041
2019-12-10,8.091604102475204,71.54994758586301
2019-12-11,7.4827775557670675,74.98160084163412
2019-12-12,8.033996835915962,81.15928022554552
2019-12-13,11.919737699476359,78.05545935467049
2019-12-14,10.436540414116381,75.8243323669966
2019-12-15,10.044788643214996,77.0800690748232
2019-12-16,9.655367078444849,75.07023288962995
2019-12-17,8.441286015491313,83.45315123366565
2019-12-18,8.585690452160863,76.42649949852357
2019-12-19,10.544286829242536,83.86976196770148
2019-12-20,11.637224330527161,86.28566107503562
2019-12-21,12.85234741668023,81.23383913740763
2019-12-22,11.178765294328175,73.21651312301135
2019-12-23,10.243211130376864,72.77790204312709
2019-12-24,11.605877703342886,75.49878601141845
2019-12-25,11.406503733151702,71.95753739548262
2019-12-26,9.751690535171255,74.39368114053592
2019-12-27,8.21644790585183,72.92135976047511
2019-12-28,8.58205269425689,69.57808092443531
2019-12-29,8.051617741066783,70.56385496057275
2019-12-30,7.237404032985008,73.20143787787309
2019-12-31,6.786687138763254,76.57361317330687
2020-01-01,6.61849468659025,75.89779454619939
2020-01-02,6.251533187728584,75.85258135170788
2020-01-03,6.010100246924397,83.049210653492
2020-01-04,6.2577817451266755,82.26667009507622
2020-01-05,6.602032205990173,75.14225402379815
2020-01-06,6.210295491557837,75.53916455299516
2020-01-07,7.0170336369782085,72.19189812748323
2020-01-08,8.08197845865863,72.5391065011054
2020-01-09,7.686073239038703,78.95856831184643
2020-01-10,6.407573583495387,75.92068075088581
2020-01-11,5.6957235371112445,72.12851695852767
2020-01-12,5.281399434511527,70.95893663918268
2020-01-13,5.198247197472173,70.04088585072715
2020-01-14,6.491555626202184,71.29924877938139
2020-01-15,8.152202480084977,75.37136684961736
2020-01-16,9.529831380842024,71.55962406931579
2020-01-17,8.24534734097885,73.05902284615593
2020-01-18,7.923149640081506,81.81883118726441
2020-01-19,5.866460056665626,70.31462348935455
2020-01-20,3.702737287369948,67.83797275387933
2020-01-21,4.99263132975122,81.1232307499771
2020-01-22,6.865888789960606,84.6608175706506
2020-01-23,6.781975045566216,84.6646460887911
2020-01-24,7.516382094629046,83.97973090227704
2020-01-25,7.300784730468787,87.68671947423306
2020-01-26,7.104767799623122,81.39571072323588
2020-01-27,7.724898567621406,79.84390143995901
2020-01-28,10.15257754460843,82.21387340347432
2020-01-29,11.003946965710442,83.10254753206951
2020-01-30,11.112873792580318,78.70167485121387
2020-01-31,12.280544173808915,80.67869069989753
2020-02-01,13.428193233990374,81.80803843665518
2020-02-02,13.786021730079788,74.92748635493815
2020-02-03,14.056768444558129,67.47035175097545
2020-02-04,11.804245190531404,72.07295355456435
2020-02-05,8.908405686576506,67.76157079022991
2020-02-06,8.78753796732111,69.28172103143338
2020-02-07,9.215767321698337,76.54528226879215
2020-02-08,8.79723008500026,82.61069754476182
2020-02-09,9.73587945559734,78.96367689946948
2020-02-10,12.505335408145122,75.3976167790021
2020-02-11,11.726050605959008,78.2034684690886
2020-02-12,11.096788059286085,82.77795499400847
2020-02-13,11.357836498719022,79.24396807629687
2020-02-14,10.672178307166376,76.71460231848843
2020-02-15,10.639628441315946,73.92765698111154
2020-02-16,12.210913627755389,70.53448924389012
2020-02-17,10.503076051171101,77.33764856243991
2020-02-18,8.672394878760256,75.185212343011
2020-02-19,8.726371774511142,68.63619264897856
2020-02-20,9.354589119619822,65.45164218366347
2020-02-21,10.371417591436053,62.933719311297025
2020-02-22,11.246404056112198,58.479153280526084
2020-02-23,11.840812532125629,55.04251591890624
2020-02-24,11.781172248044946,53.58436755229173
2020-02-25,10.716240147665182,63.875529968866395
2020-02-26,9.666512294071826,63.9129148691406
2020-02-27,10.924147289046893,60.39768727138342
2020-02-28,11.900769031926444,56.819017000251804
2020-02-29,11.111390861511477,68.70855463299242
2020-03-01,11.991624618509283,68.73271126584801
2020-03-02,9.758234724391576,68.5064463084504
2020-03-03,10.223973129120866,73.51200916913734
2020-03-04,13.029174098003745,72.96526508836276
2020-03-05,11.092983361770655,71.0486894543961
2020-03-06,7.8773237487167735,64.68102493111445
2020-03-07,9.050112575851209,62.82906613349233
2020-03-08,9.84066019328885,64.30449827023632
2020-03-09,10.90077437514813,60.277795731738856
2020-03-10,13.121717171742688,57.473261742821435
2020-03-11,15.255610099962324,57.56393335991084
2020-03-12,15.08663909129015,63.341810867486984
2020-03-13,12.313273689116567,70.81971346378761
2020-03-14,11.972508909927308,65.3224152204591
2020-03-15,11.489661300485775,71.45892899422591
2020-03-16,7.518743561200117,80.38142656108896
2020-03-17,9.986031638429534,79.00569779896101
2020-03-18,12.646689001743928,71.91800058310777
2020-03-19,12.21334188021722,70.64912230553877
2020-03-20,11.156013341348862,75.65349687949623
2020-03-21,10.002249940783479,78.56065746452123
2020-03-22,10.009089136630415,80.27645814491065
2020-03-23,10.58893336902104,79.2524377703519
2020-03-24,10.974307458301483,72.7520724899453
2020-03-25,9.762197129898828,69.85004561178313
2020-03-26,8.617393223950815,61.64035352796212
2020-03-27,7.244855896943339,65.62761362674918
2020-03-28,9.171604007022536,61.437423536179985
2020-03-29,10.183325814955944,63.0159016720827
2020-03-30,6.738421788920051,73.22014894298687
2020-03-31,6.7993508581347735,85.80018806989428
2020-04-01,9.503182671041802,80.15455172982179
2020-04-02,9.341739546550583,77.38355912589161
2020-04-03,9.983690073596671,64.1680328928266
2020-04-04,11.092283058231269,61.01027921429538
2020-04-05,13.012278766979017,67.71126312356641
2020-04-06,12.95027401086187,79.87074445945285
2020-04-07,13.84562857479277,79.03116049674604
2020-04-08,14.392440493385086,72.25291953663387
2020-04-09,13.904084360095053,75.43956933695559
2020-04-10,13.808735939093568,77.50983963728642
2020-04-11,13.979041475646865,74.07553369677936
2020-04-12,13.83890189543394,68.7356260681849
2020-04-13,12.74523249446679,76.79381947129258
2020-04-14,13.638738763120957,75.5231631375515
2020-04-15,12.838109827530124,78.96978455163283
2020-04-16,13.949534179912087,75.98561998054248
2020-04-17,14.232309879828724,75.40250188781354
2020-04-18,14.398965713189975,76.55468140293972
2020-04-19,13.597325762075227,80.44643773524218
2020-04-20,12.8510723872879,75.41911522444938
2020-04-21,11.596162673265704,82.26106809838255
2020-04-22,13.073518597513845,75.11385479440402
2020-04-23,14.254674673654122,72.8840071827344
2020-04-24,15.5024288416769,70.76906017249539
2020-04-25,14.48648119923186,78.50607549293488
2020-04-26,14.171117515122605,78.90091815109591
2020-04-27,13.092137860970347,77.30595666465105
2020-04-28,12.663139075359721,68.23517182027469
2020-04-29,13.13401683905211,65.83696346492746
2020-04-30,14.570928479311945,67.15963164001315
2020-05-01,16.859709437481254,69.62393725133128
2020-05-02,18.40507215221259,62.782984154346536
2020-05-03,19.22753664792647,55.83817271821025
2020-05-04,20.227801766580512,54.327230691410485
2020-05-05,17.704724964568346,57.16721223808854
2020-05-06,17.562256810577132,55.484134069465306
2020-05-07,18.748055898566005,58.61527899923454
2020-05-08,18.71735222314845,61.82791854935005
2020-05-09,16.665471406720794,69.61580999079857
2020-05-10,13.999677970427047,75.7158890212001
2020-05-11,15.031776761230725,70.0447419679561
2020-05-12,13.50891590559421,81.20879048231262
2020-05-13,14.265936531046519,73.51669992259492
2020-05-14,12.538298946555406,82.26191760683865
2020-05-15,12.848203764190524,78.40092085295143
2020-05-16,13.792815244802306,72.88365147847844
2020-05-17,14.865823834066981,62.28547995484129
2020-05-18,16.5135601948821,54.39493937981428
2020-05-19,18.53890457105693,51.498244687890214
2020-05-20,19.83752611327871,49.20541254947845
2020-05-21,20.698285253273628,50.93315628470788
2020-05-22,21.3263963644391,53.55508926427317
2020-05-23,19.954550298955855,57.526312797540385
2020-05-24,19.615176460419303,57.492966918898134
2020-05-25,19.64325279971445,61.66030687086857
2020-05-26,19.746836825349295,57.78586800689803
2020-05-27,20.47341575611643,53.40562897737771
2020-05-28,20.849089746224255,49.43599325421068
2020-05-29,20.895686938741814,48.12969633683288
2020-05-30,20.73723433606184,51.06012444559865
2020-05-31,20.383458859174354,59.98019705760325
2020-06-01,20.072373112515628,60.704340502254
2020-06-02,20.54469206820828,60.5526259454769
2020-06-03,19.575076525939025,66.76688243644293
2020-06-04,16.53505023386486,69.15953006504583
2020-06-05,17.58968535226084,56.33085032815287
2020-06-06,18.633306302815427,61.20999197304442
2020-06-07,16.071440298926905,66.41792608710674
2020-06-08,14.900684024976146,60.95104462756107
2020-06-09,15.303073151698563,56.531049089315225
2020-06-10,16.413650552036597,55.62061595080901
2020-06-11,16.38657438514286,63.61069395903207
2020-06-12,15.08533753278799,63.196791596538766
2020-06-13,15.991860552885196,58.04864379369544
2020-06-14,17.005473164550597,55.68101616544652
2020-06-15,18.063552849156892,56.49450130151796
2020-06-16,17.898532627172287,64.44494642623256
2020-06-17,17.34286409695797,60.16070558739236
2020-06-18,18.03779811470665,59.47930216579107
2020-06-19,18.96109527789851,56.89732783143152
2020-06-20,20.50711395939132,52.07147599680243
2020-06-21,21.68386631726135,49.81259732217308
2020-06-22,23.16128206975148,47.105108481799775
2020-06-23,24.277677078847756,45.887736273883114
2020-06-24,23.96626984961122,53.50683607723875
2020-06-25,22.843060442696967,57.080849287634045
2020-06-26,21.486225084551776,56.656502981531126
2020-06-27,21.738493050640063,55.684328790299574
2020-06-28,22.98973037652145,56.26915930920667
2020-06-29,23.42546923904139,54.372153059834204
2020-06-30,24.123546123602846,52.8210739177551
2020-07-01,23.725342153594525,53.917980661376056
2020-07-02,21.66255238331171,55.36237424263317
2020-07-03,20.489351201610972,51.84755191850386
2020-07-04,21.865594702999324,47.380167341014754
2020-07-05,24.02062724838521,45.309599860215535
2020-07-06,23.861555493643724,50.26988807979832
2020-07-07,24.40800271428634,43.25530387725913
2020-07-08,24.489064073795628,49.28118786917519
2020-07-09,23.865927756193724,53.84733814044707
2020-07-10,22.745709655687573,56.02151141867275
2020-07-11,23.79375984718986,52.687021677534595
2020-07-12,24.092066598244966,58.789287000582426
2020-07-13,23.388259152058897,53.83446862008486
2020-07-14,22.080721922694906,50.86898135027434
2020-07-15,21.687541855599818,52.452607960571456
2020-07-16,22.97423569516476,48.88637462935257
2020-07-17,23.40693627080141,47.364523975148295
2020-07-18,24.00457059428478,47.57405464035291
2020-07-19,24.92193246094008,49.59340790884202
2020-07-20,25.168585623518897,49.600034247487415
2020-07-21,24.852167039594132,53.451931837000494
2020-07-22,24.651379084521054,53.6975044050846
2020-07-23,25.01186515144634,49.33801071769986
2020-07-24,24.493021408697988,49.569138825905554
2020-07-25,24.745569602715637,46.96686640610557
2020-07-26,25.63714227244287,47.313228806851754
2020-07-27,26.8717612841189,47.069169299534295
2020-07-28,25.58066550358093,52.83094695795138
2020-07-29,25.92389991053798,51.62135109230011
2020-07-30,27.53723381025065,47.51140732276254
2020-07-31,26.717138445184307,46.98929826535583
2020-08-01,25.83941414627647,48.530552598731106
2020-08-02,23.90473666425859,51.99661725031059
2020-08-03,22.539539302851647,51.25428504045682
2020-08-04,22.87716001666415,51.93517737663534
2020-08-05,24.436146757616537,47.40262393598595
2020-08-06,26.39412367556073,44.76355580354941
2020-08-07,27.120135463728367,46.721627083614074
2020-08-08,26.745097027431903,47.53837838098942
2020-08-09,26.50512546940216,48.00251059441632
2020-08-10,25.01233959005596,52.792389552514265
2020-08-11,23.5309365698344,63.78275368539037
2020-08-12,21.871685207118986,64.52046779152288
2020-08-13,22.188873613154797,56.90477385385771
2020-08-14,22.476684459339893,55.31030459489988
2020-08-15,21.722383119625324,54.90728272652246
2020-08-16,20.607472130887388,51.324927988683775
2020-08-17,21.434449886795946,57.848133450582914
2020-08-18,22.693619847764392,59.6848932327243
2020-08-19,24.201592823967705,45.855665724815935
2020-08-20,24.19664353581112,46.382214477834836
2020-08-21,23.537452344175545,56.90447561752602
2020-08-22,23.035594106299918,53.59902150836049
2020-08-23,22.650324087102334,51.966693772199605
2020-08-24,23.135455213848132,52.513415297014575
2020-08-25,24.584828363241225,50.06813091949019
2020-08-26,25.27706252017587,51.44531708659586
2020-08-27,25.405535791611985,52.78746497487847
2020-08-28,21.734360476300026,57.89801163550328
2020-08-29,17.55380647340764,56.227287483398975
2020-08-30,16.628622795771147,52.80226585989185
2020-08-31,17.73752807283563,48.94995198413674
2020-09-01,19.534098419316393,49.91164500857921
2020-09-02,19.97533999108527,52.00864914144805
2020-09-03,21.45629808634121,48.74366801763862
2020-09-04,22.777275691559957,48.24219715140864
2020-09-05,22.19537147779,55.94938468879097
2020-09-06,21.319168425868433,56.98207026391518
2020-09-07,19.470311387899194,53.47089356553098
2020-09-08,19.199141638199276,51.254839721560636
2020-09-09,20.30672534815511,53.58471569304664
2020-09-10,21.173429460168606,52.573351564535365
2020-09-11,22.02504275061377,50.62446114621523
2020-09-12,22.857167761241193,47.65936692639003
2020-09-13,23.77165210825091,45.628263785414035
2020-09-14,23.052570654392778,52.45204279669564
2020-09-15,22.234952417146726,60.89433365968875
2020-09-16,22.05303272476448,58.71177841405835
2020-09-17,22.196868159063975,63.87090453119863
2020-09-18,19.356995874090682,75.43018082604901
2020-09-19,18.43665567582651,75.43684104587783
2020-09-20,18.57816729836257,73.59473475101014
2020-09-21,18.808297425726966,68.47451769824092
2020-09-22,18.573547115588195,65.81264368223806
2020-09-23,19.223942197895973,70.02325080345439
2020-09-24,18.277821080241583,67.73707929039892
2020-09-25,14.693383465328374,57.61873055264761
2020-09-26,14.488695722079447,61.55386806396163
2020-09-27,14.893466884486815,57.45621703486618
2020-09-28,15.367382783247656,54.90582968322398
2020-09-29,17.156010005785763,54.27912941144648
2020-09-30,17.36575472383557,59.11391208793095
2020-10-01,17.02434003053668,63.44015513370034
2020-10-02,12.632036476579122,74.25356440869771
2020-10-03,11.734127592443796,63.35885200033946
2020-10-04,12.56142555747887,67.83833657972606
2020-10-05,13.79013134873392,64.05693084644822
2020-10-06,16.808653768376008,67.05297697430832
2020-10-07,18.194308705953777,65.19615067693398
2020-10-08,18.209530133913965,64.65783746172964
2020-10-09,17.952060904511576,66.61187684283269
2020-10-10,16.116643941534452,68.22808208528906
2020-10-11,13.308625496467089,61.09858631595986
2020-10-12,12.812491064180227,58.213029690096526
2020-10-13,14.192422960186557,62.46383732646579
2020-10-14,11.854448708026112,64.82533215476613
2020-10-15,10.58888123917235,62.627371964524805
2020-10-16,10.219565582133518,60.40547714128727
2020-10-17,11.49432248896876,59.90838788515306
2020-10-18,13.504288838250687,58.208024319046324
2020-10-19,15.419509432443638,54.38489713166604
2020-10-20,16.085616927439037,74.63844464758688
2020-10-21,16.129854489034603,74.38943376523893
2020-10-22,14.666608755898048,83.64109922591742
2020-10-23,13.007858633414365,75.6641473939558
2020-10-24,12.382099421494638,73.08222463655542
2020-10-25,12.168908762467916,76.24124448610549
2020-10-26,10.126458876131187,69.43218088619628
2020-10-27,10.832174550643577,71.02743394978529
2020-10-28,13.016345540203673,75.33025585169807
2020-10-29,13.661542809367608,72.7392675935857
2020-10-30,14.336553268657733,68.60143162753204
2020-10-31,15.132178799135023,68.02215521510283
2020-11-01,15.88503461850315,70.59882465555391
2020-11-02,15.588633598857987,72.95346853892369
2020-11-03,12.234448624317016,78.93161802006021
2020-11-04,9.908633182001847,82.61822240243548
2020-11-05,12.10661828271356,82.15211261004522
2020-11-06,15.115815290990094,75.19488025884046
2020-11-07,13.331508327362844,82.44680916421991
2020-11-08,12.983192895228578,78.39415649569625
2020-11-09,12.521534727148603,80.80139651620728
2020-11-10,11.819401358286612,81.01648724457662
2020-11-11,11.526454626187979,77.62003662946996
2020-11-12,12.478783681622405,76.39259092141246
2020-11-13,12.563894729058338,77.2690604443294
2020-11-14,12.607841143029708,84.38042019473652
2020-11-15,14.673686058434066,82.26053350175381
2020-11-16,13.243235830402801,79.2973647347949
2020-11-17,13.000382665238831,76.73751255872352
2020-11-18,13.981039671412232,75.31160744220148
2020-11-19,13.146181317115802,76.71428347035022
2020-11-20,10.772156133620607,66.24786547743047
2020-11-21,9.900840048769874,63.76230605801496
2020-11-22,9.415776370520073,67.90068738158894
2020-11-23,9.157952186283937,69.41932284872792
2020-11-24,8.802249040646926,71.88588258511956
2020-11-25,9.167937069207987,80.92708802177424
2020-11-26,10.44844328417462,83.2192622297336
2020-11-27,10.076789827676224,84.30447102764421
2020-11-28,9.402312043213696,83.59420725256652
2020-11-29,10.202176087814323,81.01487441202055
2020-11-30,10.043141770221807,80.56499261732887
2020-12-01,9.054249749865438,74.67830016457397
2020-12-02,7.067908672573925,68.37496130302189
2020-12-03,6.0076645427190725,69.96302305210567
2020-12-04,5.110126903404276,77.95365772218715
2020-12-05,3.916700293528571,76.15100816254225
2020-12-06,5.009406393197445,77.3371887987938
2020-12-07,7.733598869824681,80.59882736472245
2020-12-08,6.420952719482119,75.80857722793964
2020-12-09,6.000842073063939,75.114397263954
2020-12-10,9.790441474370608,85.2345137263521
2020-12-11,12.238788917255205,86.20931114019423
2020-12-12,10.599042722220794,74.78255966038252
2020-12-13,10.624937615086084,80.98243904516356
2020-12-14,10.664793254115772,85.00939468104801
2020-12-15,9.00778928281106,78.58631552776097
2020-12-16,8.411615460040712,80.5539804213612
2020-12-17,8.269739308522889,84.10551745877508
2020-12-18,8.031809254802065,84.69185657822649
2020-12-19,8.370115297227091,87.74322075049814
2020-12-20,8.606926786294068,84.00193740313594
2020-12-21,9.859817115720118,84.57032825335068
2020-12-22,11.232853111098214,82.50838758768616
2020-12-23,9.743076112685822,84.25249504728143
2020-12-24,7.531103662482901,81.07403327279755
2020-12-25,4.974471823533079,68.50627507938539
2020-12-26,3.801667075160504,64.69136584115127
2020-12-27,4.081880941753681,67.46887220105353
2020-12-28,6.024051230386224,72.75982870995409
2020-12-29,4.830484045112132,75.98259562391357
2020-12-30,4.2351588738485395,74.27325717866538
2020-12-31,4.49652551041971,78.70519900339325
2021-01-01,3.768421114136968,77.7268324982636
2021-01-02,2.3086865646360923,72.74572163590945
2021-01-03,2.514257323534415,71.88768179947787
2021-01-04,2.2246140949101707,77.33489197191123
2021-01-05,1.9326359662969426,77.44184901290716
2021-01-06,1.7645221377695277,74.96725703601453
2021-01-07,1.2724641653910256,83.83198394317422
2021-01-08,1.1129825246897882,82.21089561516797
2021-01-09,1.2388030134422225,86.483566152165
2021-01-10,1.9294324465770363,81.47510170834546
2021-01-11,1.7156841213183867,73.71479804467236
2021-01-12,1.915061295665678,71.43802833283102
2021-01-13,3.6822510397223045,70.2445387443615
2021-01-14,3.954391589932818,72.51970126550094
2021-01-15,4.891716153614549,73.88992835503097
2021-01-16,5.12390003194239,65.86768565102284
2021-01-17,6.032585342895218,66.99194591578754
2021-01-18,6.435230956875901,73.82136281032554
2021-01-19,5.790841901322483,72.96248871407433
2021-01-20,7.117392319316813,82.33145020496973
2021-01-21,9.791937862031899,80.20292692535445
2021-01-22,8.518760432339338,76.51081115122969
2021-01-23,8.176790910291258,79.74529224251384
2021-01-24,9.322953821218203,74.82443759522282
2021-01-25,9.629018908476125,87.5435416680877
2021-01-26,10.405407987146704,87.07945832708883
2021-01-27,12.95146490139335,84.4218329351971
2021-01-28,13.310067733041649,79.04039440878682
2021-01-29,12.717373886248525,78.3118332148195
2021-01-30,10.34737462931859,73.50935540595432
2021-01-31,10.714020459515073,77.76884263408783
2021-02-01,12.13392554523474,71.73407577309155
2021-02-02,11.901796908778207,76.7633612724858
2021-02-03,11.283337322468823,75.65286714189638
2021-02-04,10.572532293929683,80.24138655064012
2021-02-05,10.153391277498791,81.65718516716116
2021-02-06,8.282799228374063,83.73788642030908
2021-02-07,6.716445369399059,77.65539452774986
2021-02-08,8.460600726180235,80.5432366562975
2021-02-09,8.257688421963918,81.94538418385244
2021-02-10,9.365890894882133,75.2200447485063
2021-02-11,10.993852528131619,81.41508021772256
2021-02-12,10.631494905131449,78.04684321435002
2021-02-13,9.940551207834773,72.53513096562027
2021-02-14,9.704644524802195,71.7883859090231
2021-02-15,10.438592456472618,70.51023453832724
2021-02-16,10.437807768128394,70.27412979961476
2021-02-17,10.904334881618167,71.27257767024352
2021-02-18,10.748875837735996,68.61712396418699
2021-02-19,11.175955582091312,62.66639396792424
2021-02-20,11.771691811231527,58.9368475514531
2021-02-21,9.163204761051185,76.43500211681474
2021-02-22,7.847559133710789,76.01177344195278
2021-02-23,9.420478072737483,68.17351561266165
2021-02-24,11.207096305901564,68.55077192835087
2021-02-25,10.357859985317761,76.62892141463425
2021-02-26,10.821797018000368,75.16906901908602
2021-02-27,9.993984942317299,70.9190891745982
2021-02-28,8.713576871792396,74.27086978961032
2021-03-01,9.589953726513883,77.13734705731935
2021-03-02,10.692663755340106,75.7094733475349
2021-03-03,11.10189874106152,75.0092134676112
2021-03-04,10.687302725836373,73.23069736378028
2021-03-05,10.031579225887793,75.71311880026921
2021-03-06,9.495369801418546,75.1699757804974
2021-03-07,8.961889616778091,80.60455245811671
2021-03-08,8.094511152263204,78.7958959550101
2021-03-09,7.387225042930431,71.16700658252861
2021-03-10,8.33271107098614,63.95957318233877
2021-03-11,11.396521666234086,68.7189606114811
2021-03-12,9.85173476634414,67.658245837593
2021-03-13,9.090065515663206,64.08428242999928
2021-03-14,9.600522190928228,64.27223737144757
2021-03-15,9.995459354634306,61.73081027210549
2021-03-16,10.647174331729147,61.13000773233807
2021-03-17,11.340130272069613,57.56600343384082
2021-03-18,8.28521550935527,59.66253682846002
2021-03-19,6.9014390781696395,69.37596644893097
2021-03-20,6.172913345118058,53.849643547615834
2021-03-21,7.037973424480306,55.648065787865455
2021-03-22,9.072098318495192,54.79063202553353
2021-03-23,10.324399716407177,52.44904676282033
2021-03-24,11.139318108241474,55.76181674687768
2021-03-25,11.729580636219305,59.555870029567004
2021-03-26,11.66274843325017,61.904739796244485
2021-03-27,11.438238989848502,61.588106129477815
2021-03-28,12.957531747430078,56.50568362713648
2021-03-29,14.442222808560894,51.1543248148424
2021-03-30,15.359134954911362,49.68324794675294
2021-03-31,16.126915536684393,43.33082121428029
2021-04-01,15.44319148699796,49.423468291527
2021-04-02,13.919057128683797,67.78967100668726
2021-04-03,12.941323228060384,65.56857933619987
2021-04-04,11.861451847531322,59.961316615464916
2021-04-05,12.674490815897066,56.48865655638645
2021-04-06,12.226603423527868,55.92086139545111
2021-04-07,10.91799894217244,53.88875949393741
2021-04-08,11.8925122828309,63.88260252264016
2021-04-09,11.452247559917186,77.58757894754697
2021-04-10,12.487926703563437,80.35857194474642
2021-04-11,10.636630045254888,78.14195758282101
2021-04-12,10.284289565452246,61.61394162346521
2021-04-13,11.323640392219437,68.51238211005698
2021-04-14,12.661943621672682,70.01351858393826
2021-04-15,10.892807346560502,69.28154372352009
2021-04-16,9.638478517182454,59.10091304068839
2021-04-17,8.957715756628476,55.12990610683661
2021-04-18,10.683189790670756,51.40406089383719
2021-04-19,12.777706106592776,56.132521058813246
2021-04-20,12.916029649405553,70.15175116699045
2021-04-21,12.450844862102889,75.64222982983202
2021-04-22,13.096559352962528,76.2213500372516
2021-04-23,13.61091390095669,66.27618832934736
2021-04-24,14.215416888599508,66.30020438808961
2021-04-25,13.834488626899454,75.64846414015078
2021-04-26,13.730135335767526,80.34278185131932
2021-04-27,13.307910219441787,81.92528622356818
2021-04-28,13.087694613585358,79.05655364600369
2021-04-29,11.982648978769703,76.02335772516821
2021-04-30,11.237503987985052,72.98397478141433
2021-05-01,10.776525701882957,65.3559110251798
2021-05-02,10.829153732073145,61.62191178502855
2021-05-03,12.25911493189048,64.78804440181858
2021-05-04,13.920280095652103,58.59462841358431
2021-05-05,15.42319544254331,58.6629211177335
2021-05-06,16.256317558854683,58.17539189733749
2021-05-07,17.740552702912918,54.61251290972913
2021-05-08,18.359322036672875,50.368158906520875
2021-05-09,14.81312974386522,70.00363697123748
2021-05-10,12.521907866495715,68.4958538028088
2021-05-11,11.77799660201257,57.52736924142854
2021-05-12,13.703479375081706,60.39147128391362
2021-05-13,13.601319687778007,66.75633752150087
2021-05-14,14.452950421982957,56.888300740914076
2021-05-15,16.818138820268196,62.54219207407998
2021-05-16,17.53689724911265,61.55108746613549
2021-05-17,16.403600421004764,54.38488152243926
2021-05-18,16.82949651359747,59.53887758409102
2021-05-19,16.017128937798827,53.715023114827545
2021-05-20,17.484853871006873,50.65135050025498
2021-05-21,17.360177953575565,55.88718771060865
2021-05-22,14.877509547368373,54.99605469400053
2021-05-23,12.931569288929522,63.64649121542812
2021-05-24,14.388416284381755,57.77175924809688
2021-05-25,15.303321651626066,54.350657603317835
2021-05-26,16.716715682811518,57.47461700586115
2021-05-27,17.541425974391395,59.587020340954126
2021-05-28,19.382492961598704,61.15363386607452
2021-05-29,20.0388653322431,58.21456860020873
2021-05-30,20.45252304995279,59.61697651728761
2021-05-31,20.841995233988225,58.41519020206831
2021-06-01,18.108192001697407,69.1531823556018
2021-06-02,18.073353471511663,62.587491608028145
2021-06-03,18.25019594974132,64.35690931626787
2021-06-04,17.531565263446037,65.31660109195656
2021-06-05,17.529409623369208,67.19293801642915
2021-06-06,18.73892333510987,57.825550079971165
2021-06-07,20.215680210046404,51.2157004278831
2021-06-08,21.509368860321803,49.23411682057685
2021-06-09,21.639890753340865,49.91664465399508
2021-06-10,21.988120882683344,49.91198477186302
2021-06-11,21.693802875160454,54.826151964340134
2021-06-12,21.915961206241736,52.380971743276454
2021-06-13,23.181476241582015,50.58925759762897
2021-06-14,23.46187212862218,52.94459602483425
2021-06-15,23.46724063755009,51.5752548693699
2021-06-16,22.389212481140632,59.90200380409346
2021-06-17,18.38481306425051,77.86944279098975
2021-06-18,18.44691571432969,71.83421933404689
2021-06-19,18.27591779445734,67.54092703291703
2021-06-20,17.66207084635424,66.64977493185744
2021-06-21,17.643079821054357,61.27987061557064
2021-06-22,17.298631910525742,63.49086481266504
2021-06-23,17.069878695801105,61.37274109703396
2021-06-24,18.769238625634745,54.673938079253254
2021-06-25,20.6400219244441,52.81396753778017
2021-06-26,21.58669271025618,53.59409366365641
2021-06-27,19.783093894509495,53.604811147091965
2021-06-28,18.71936222479484,52.11041914172639
2021-06-29,19.390742765225976,51.991783745377425
2021-06-30,20.83419455597858,54.43366740971409
2021-07-01,22.23983739558489,53.07097714137224
2021-07-02,22.857134056018044,49.67910066441636
2021-07-03,22.850456585117144,52.097019990027604
2021-07-04,22.598368315584832,52.81465814879203
2021-07-05,23.632559707644532,51.67681047941411
2021-07-06,20.66285551928516,60.5502088705872
2021-07-07,19.28489486552942,57.06588803431511
2021-07-08,19.785638436571265,51.51273862712445
2021-07-09,21.847205548681682,51.9869390236249
2021-07-10,23.933217179410494,47.86448825756895
2021-07-11,24.97821354133643,50.12433043543613
2021-07-12,20.608438416561626,52.47374758282868
2021-07-13,18.579256241512553,50.50841392460783
2021-07-14,19.668052159940522,52.74247865979647
2021-07-15,21.179344286501962,51.42886001089051
2021-07-16,22.859025716356257,47.082759733321126
2021-07-17,24.320890542577043,45.65238522378284
2021-07-18,24.20268064888837,47.940116833566144
2021-07-19,24.20810275455628,49.11384991283406
2021-07-20,24.254980670466228,50.17197536679223
2021-07-21,24.892912228791587,48.731676406483395
2021-07-22,25.728191799539797,43.613287179048314
2021-07-23,24.346369827667743,45.40773613106407
2021-07-24,22.601497506439756,47.881285081305045
2021-07-25,21.81179133373791,54.12312754069443
2021-07-26,21.62410375492775,60.25906172969869
2021-07-27,22.378675379370637,55.86608576475657
2021-07-28,22.94312743956171,54.976511246647846
2021-07-29,23.84991028366178,54.21010606988676
2021-07-30,23.281226115846504,53.64813614404225
2021-07-31,19.40392265692731,59.90985097198017
2021-08-01,18.682899091960426,53.70078087862694
2021-08-02,20.28439641678492,55.418781208273494
2021-08-03,21.551248242794973,55.45554810621095
2021-08-04,22.785623723667076,55.86691257727593
2021-08-05,23.28242844834408,50.6882187992527
2021-08-06,22.807157824224173,52.013353672696326
2021-08-07,21.443497054650702,53.1170143362881
2021-08-08,20.50278952634441,53.48624547007381
2021-08-09,22.59339473280805,53.66898408067083
2021-08-10,24.1387005927956,53.36490974277863
2021-08-11,26.103587222009505,51.492469767888615
2021-08-12,26.967971450960224,49.00871538620665
2021-08-13,27.412610625830393,46.00718633674945
2021-08-14,28.504676117666804,44.09055914940067
2021-08-15,26.9597095794406,44.85141138301532
2021-08-16,23.95230812200471,47.48171866627146
2021-08-17,22.023093834956317,52.000542166253155
2021-08-18,21.662468879971147,55.40566775377375
2021-08-19,21.977248759317575,58.45643932795725
2021-08-20,23.285691871251643,54.06048987069419
2021-08-21,23.816139673098448,52.67531337356521
2021-08-22,24.28945920553251,53.260390344385264
2021-08-23,24.193324101265897,54.74602619121372
2021-08-24,22.904618223012616,58.30753492832241
2021-08-25,22.428426672871964,61.854800980318
2021-08-26,23.66390923004256,58.6099848321936
2021-08-27,24.09984469180195,51.811254278630194
2021-08-28,22.551725399754485,52.31136597456557
2021-08-29,21.506731844054627,56.788962331960654
2021-08-30,21.342449705345604,61.25016438974232
2021-08-31,22.26343954407237,61.66155500882152
2021-09-01,20.7081534838012,73.85789718122744
2021-09-02,20.46381659839308,71.35102103316193
2021-09-03,21.245556735316296,65.44326621523801
2021-09-04,21.91851432321292,59.40501701381683
2021-09-05,23.612488569733586,55.19561141665512
2021-09-06,25.182753767932166,52.90316500401456
2021-09-07,24.096700746879137,56.58425412969347
2021-09-08,21.918868916175654,64.03367300952183
2021-09-09,21.173107904496774,66.14486346871693
2021-09-10,20.783329673980436,63.43058381460722
2021-09-11,20.790051142024414,60.81512966370764
2021-09-12,22.33472084511756,55.20294183709844
2021-09-13,21.822277407405775,64.7641577831289
2021-09-14,19.858401330612285,77.88824668609813
2021-09-15,19.997423579126306,75.02994415153144
2021-09-16,19.45242246598287,72.29147458443167
2021-09-17,19.512957593502048,67.62167578068451
2021-09-18,18.34405849709262,66.28016035829415
2021-09-19,17.657885162038777,60.12050833082959
2021-09-20,17.32696722428096,65.32690510575058
2021-09-21,16.15895563897192,66.18306216227411
2021-09-22,17.048730611449084,68.99417861074112
2021-09-23,18.347128266308093,71.19720946231057
2021-09-24,19.049817426290907,77.25815249911393
2021-09-25,18.67506399218269,74.66678149705767
2021-09-26,18.577761890196133,67.07679409244905
2021-09-27,18.919558387639295,65.30377626130344
2021-09-28,18.114333012388727,67.1783322933854
2021-09-29,17.6295215390712,65.22455418993032
2021-09-30,17.988840797822238,65.4389328756154
2021-10-01,18.135989376197198,65.71198237175038
2021-10-02,18.297340190425313,66.45388391750875
2021-10-03,15.29678195678219,74.86757838875788
2021-10-04,13.60107862383328,64.56570124959532
2021-10-05,15.493105908327612,69.83566215361434
2021-10-06,16.623019833218553,64.86911262450309
2021-10-07,17.13786838603434,59.45848374531985
2021-10-08,17.013455662944107,60.1585738976137
2021-10-09,16.281699909747385,64.94967443116748
2021-10-10,16.274690298745032,66.23372882105096
2021-10-11,16.092989673346306,62.178048564394565
2021-10-12,15.916282186068928,60.25544406200004
2021-10-13,15.403880157070537,56.50587722038454
2021-10-14,15.282846428082317,59.99116153466064
2021-10-15,15.950927702698413,61.31521150419399
2021-10-16,15.308876872687991,64.331231077606
2021-10-17,16.83784752022279,73.10506640319005
2021-10-18,17.703309492095727,73.00823442491105
2021-10-19,18.825960638274378,66.62615033554128
2021-10-20,18.197810007509858,65.78330711091058
2021-10-21,15.283922486495273,68.30090867264015
2021-10-22,13.137836212778653,70.11161444248953
2021-10-23,12.865027252907511,65.04190295672663
2021-10-24,13.020499152199468,63.24855080558791
2021-10-25,13.351926407756062,65.59271995710502
2021-10-26,13.728286902536546,65.71994761067792
2021-10-27,13.781612288109008,64.56244987948777
2021-10-28,13.507296174701738,65.11492010676791
2021-10-29,14.104043526145917,79.00894455573915
2021-10-30,15.753954444863012,85.4680321474976
2021-10-31,16.890943688891113,85.57124509955734
2021-11-01,13.890801716031326,74.98406070151947
2021-11-02,11.620192275057198,76.17945159171423
2021-11-03,8.942855017744098,73.6524508926343
2021-11-04,7.938444834045963,73.52016822249975
2021-11-05,7.715030818804536,70.49624453806256
2021-11-06,7.7925218429538115,64.0852365860472
2021-11-07,8.333771196628199,62.9898648237206
2021-11-08,10.992981261544138,65.20401360698516
2021-11-09,10.316151174283357,66.13476067542642
2021-11-10,9.99377146529964,68.85013653392878
2021-11-11,10.098886501451883,71.69406395973986
2021-11-12,10.841521359452202,73.95625513797283
2021-11-13,11.22042141924193,73.18567839192606
2021-11-14,10.596732172992175,71.33389468273405
2021-11-15,9.697556586506877,69.4513689256563
2021-11-16,8.747997787553281,72.6344554237172
2021-11-17,8.810677214599453,71.56222912137132
2021-11-18,8.768479229029854,72.27033270197808
2021-11-19,9.809908126418774,71.66020847803607
2021-11-20,10.060999956259364,80.22957195662023
2021-11-21,10.155591984610567,82.15004357130502
2021-11-22,7.568539498473027,83.81101072754979
2021-11-23,6.284828866676873,83.19356705692248
2021-11-24,6.037700676611259,84.32578808138047
2021-11-25,6.58507588659377,82.13760914763645
2021-11-26,6.27714415683457,76.6372736660615
2021-11-27,5.312253845905205,75.84883038740989
2021-11-28,4.630499080130361,72.77031136060276
2021-11-29,8.093130196362942,75.80861035809735
2021-11-30,7.8421209788317725,77.11530053473139
2021-12-01,6.706368782221781,81.23341528551157
2021-12-02,6.3491698536740335,71.9134128027788
2021-12-03,7.137885145964685,72.02340326111552
2021-12-04,8.294618732413705,77.16376119049652
2021-12-05,7.137730359970132,72.85982435182999
2021-12-06,8.053173461990802,75.68318563931331
2021-12-07,9.148543406702606,81.03171380538602
2021-12-08,6.817483340887811,73.54230610965048
2021-12-09,7.647757160063107,79.86610516181146
2021-12-10,10.297877944607963,76.60249761709436
2021-12-11,10.395896184238353,77.9765000180077
2021-12-12,9.65247005679279,77.3445223745992
2021-12-13,8.701464195954005,77.74365096505002
2021-12-14,8.31485672436469,74.60644737871635
2021-12-15,8.216141641950987,69.62871371328121
2021-12-16,7.9037670166147445,70.98884658058721
2021-12-17,7.405409037128739,70.22433428673133
2021-12-18,6.776617488214857,76.37464427975117
2021-12-19,7.252856610805658,77.7653045530261
2021-12-20,7.59343474861387,78.28409647715704
2021-12-21,10.27522197625351,81.40219072957578
2021-12-22,10.271969082922206,82.67932200331158
2021-12-23,10.119037699473497,87.06235151716895
2021-12-24,10.24191547766471,86.57733712314274
2021-12-25,10.134386342609154,86.10971077438823
2021-12-26,10.648403756204774,86.94757772334161
2021-12-27,12.749917971562782,76.0588469064014
2021-12-28,12.51926916536575,75.83202330883245
2021-12-29,11.893576098907237,77.2855750326125
2021-12-30,11.768359463990706,72.67300622415327
2021-12-31,11.754927237297517,66.54853035609507
2022-01-01,12.010493166158518,63.45117478943056
2022-01-02,11.024417995967342,69.62045000974555
2022-01-03,10.674389536170247,72.79373143200046
2022-01-04,9.668346637876809,76.56397119854374
2022-01-05,5.879832707705094,76.94919896879625
2022-01-06,4.844505243775709,73.07093755064605
2022-01-07,5.850318455319559,74.33700861410786
2022-01-08,6.022630019391964,70.75349419543731
2022-01-09,8.656536618689428,76.19331994274849
2022-01-10,10.545795884159398,79.98584104690521
2022-01-11,8.75934943172498,78.23675390238466
2022-01-12,6.71133556127628,67.52460934351969
2022-01-13,5.347420309499259,66.1153304243227
2022-01-14,4.980580243343534,65.71717128087059
2022-01-15,4.718133758039627,66.9801661517527
2022-01-16,5.324446414876157,67.58620024976082
2022-01-17,5.54828096107008,66.09677925524844
2022-01-18,5.903269586929867,64.22405299414292
2022-01-19,5.624876482816547,65.7501960282524
2022-01-20,5.821462405222186,70.97824377364529
2022-01-21,4.5020990964952015,67.50603930377487
2022-01-22,4.72925866116074,67.58568694647639
2022-01-23,5.319527736101139,71.0150232949693
2022-01-24,5.712600400195808,72.07141572910649
2022-01-25,6.301657408931113,71.29835782427004
2022-01-26,6.5816420129897795,68.8010662913461
2022-01-27,7.250035296313211,62.165349175581106
2022-01-28,7.284677036942004,53.4462334521254
2022-01-29,8.052945485535572,46.602239414270706
2022-01-30,8.56187856582396,46.82048871922933
2022-01-31,8.012497983687547,56.173483097198975
2022-02-01,8.189679682059557,61.44869469634946
2022-02-02,10.795629551481674,57.464266789072866
2022-02-03,10.063696671474704,58.25198143692884
2022-02-04,9.164606740188914,68.25029833301751
2022-02-05,8.09036876579468,71.30774758859745
2022-02-06,7.200493385499371,66.33853218038001
2022-02-07,8.605339899087577,62.969279058561426
2022-02-08,9.346281458930843,61.974793641407764
2022-02-09,9.394078229798827,62.98202932436414
2022-02-10,9.125944312515685,65.90774808735459
2022-02-11,9.325681019460719,69.41604358374074
2022-02-12,8.88887823686754,72.32539945243876
2022-02-13,8.957797276338507,74.87094333314083
2022-02-14,7.867763104513301,69.13635546618669
2022-02-15,7.400181414306421,62.42672739396036
2022-02-16,9.898653541317136,66.68991370289932
2022-02-17,11.812471098093807,67.95858417289794
2022-02-18,10.823479326064287,69.86148479411322
2022-02-19,7.748923396759289,70.93296573191377
2022-02-20,8.419276892171988,67.33965073825827
2022-02-21,10.039793498433264,59.794003720107504
2022-02-22,10.665100043611888,44.13152537554018
2022-02-23,10.33773199136438,49.97781891866365
2022-02-24,9.797936188928096,61.96717274195746
2022-02-25,8.947720861765069,70.55858648310084
2022-02-26,8.234504259113544,71.68968785711526
2022-02-27,9.819635118836343,71.49283847457427
2022-02-28,9.995745394159018,67.49614265136098
2022-03-01,10.416414007510232,64.13578233215519
2022-03-02,10.030327145973411,71.853987028546
2022-03-03,8.578465946772777,80.08947493230563
2022-03-04,7.550787603101348,72.03133672633513
2022-03-05,7.044848258285362,68.1623129648262
2022-03-06,6.467337004088997,72.56984770927001
2022-03-07,7.148651492789901,75.21708438432442
2022-03-08,8.194356341017869,74.71020066651738
2022-03-09,8.513850981624286,73.05488830364983
2022-03-10,10.047919793191108,72.46546565607747
2022-03-11,9.288841826905415,81.38149286527378
2022-03-12,8.676582492909086,72.9281455199392
2022-03-13,9.46429817704888,69.66006848892962
2022-03-14,9.16312579241575,81.393013718428
2022-03-15,12.749043270137811,70.82503148476039
2022-03-16,11.096227986572044,80.78386939982744
2022-03-17,9.58665548114075,75.79162228329587
2022-03-18,9.548270509811323,75.00593698024369
2022-03-19,10.259711755601302,71.71908855099521
2022-03-20,11.257480870699434,72.5150380307151
2022-03-21,10.930789835628039,79.82528533140722
2022-03-22,10.31803785003716,78.02057997658058
2022-03-23,9.739167479929414,75.62305253440293
2022-03-24,9.813485192261851,77.46065536851614
2022-03-25,10.986210745820424,77.10210230920735
2022-03-26,10.689288793480705,75.02460399855559
2022-03-27,11.591475072083009,68.35489402797565
2022-03-28,12.19119487530881,63.7314628575139
2022-03-29,11.897973849206762,76.24555956454184
2022-03-30,10.149715082154868,79.16510506824147
2022-03-31,9.256220084691739,73.00581593136934
2022-04-01,6.3295141264337,59.36957356753491
2022-04-02,5.5200971729120205,54.526519679713886
2022-04-03,5.130279765078665,55.83103238320917
2022-04-04,5.633999083250903,59.29714644102548
2022-04-05,6.547379127124754,65.38210414663239
2022-04-06,9.156177336276706,63.03890650326332
2022-04-07,11.95628149608668,59.918527483955955
2022-04-08,12.31895797048624,64.56731039121517
2022-04-09,12.46528600005004,65.7100489561284
2022-04-10,13.47078413533528,62.69307003628348
2022-04-11,14.071359950557381,65.0654094921766
2022-04-12,12.130887463356897,77.05268247990281
2022-04-13,11.779373225998901,75.81563381045375
2022-04-14,13.697082377477615,66.07170785958465
2022-04-15,15.216406679366253,59.87610028632264
2022-04-16,16.293688116122993,55.35037617535582
2022-04-17,15.880488933246808,54.4946704804639
2022-04-18,14.827545479160685,62.22023855459235
2022-04-19,11.021026846366743,75.36579403621822
2022-04-20,8.691178232224923,73.04396355053596
2022-04-21,9.781014766146093,65.64932401984812
2022-04-22,9.707253574875784,77.06513493148155
2022-04-23,9.271149125473647,74.64936338469742
2022-04-24,11.642586695792966,65.082998233054
2022-04-25,12.779305759384103,60.99640890237631
2022-04-26,13.986675910470774,62.644802076679376
2022-04-27,13.343794837460502,74.24329467565927
2022-04-28,12.742171949529569,75.693166368592
2022-04-29,14.739758557749786,62.17267122010182
2022-04-30,15.8104558923454,61.31791770614649
2022-05-01,15.69826592623698,59.71212779060961
2022-05-02,13.298404847401324,72.95968564091326
2022-05-03,12.87220831816956,76.4099897240079
2022-05-04,13.160346129843774,72.63468309462763
2022-05-05,14.305617238234738,60.70849006884408
2022-05-06,14.761031944092473,54.11172140657743
2022-05-07,15.758310309244841,51.44252036059788
2022-05-08,16.636307959715868,51.39650733407316
2022-05-09,17.636001066023905,49.02092360283728
2022-05-10,18.525331501460688,48.34400743784189
2022-05-11,19.04860199255589,50.36576645907356
2022-05-12,18.512998399340816,53.797763267058514
2022-05-13,19.257107519555156,54.743062039611175
2022-05-14,20.080860509248982,57.15732494888102
2022-05-15,18.83356190717841,56.43331032069867
2022-05-16,19.01539936026331,54.728185025587806
2022-05-17,20.02366583209128,54.02549295992111
2022-05-18,21.272171089128957,52.18062542525862
2022-05-19,21.62352563184308,50.34095390023458
2022-05-20,22.96383494753958,46.88184636075629
2022-05-21,23.428836314514527,46.575875891447346
2022-05-22,21.107438709052328,55.383478183084236
2022-05-23,18.87174093198389,58.83977976581044
2022-05-24,15.030087238081082,62.14865943516082
2022-05-25,14.649034033983687,55.245119580181886
2022-05-26,16.994847713169577,51.26034002430399
2022-05-27,19.564137470268296,46.01886614198443
2022-05-28,21.116719501354623,43.02901776970174
2022-05-29,20.169148729021522,49.538675739902565
2022-05-30,18.475853231885335,58.18588569279459
2022-05-31,19.43712599487014,54.32104074752275
2022-06-01,20.338612477687466,55.23072899550172
2022-06-02,20.001595614026154,56.559290210017906
2022-06-03,20.155754290736244,56.82214832900069
2022-06-04,19.36711635569249,58.077179830915476
2022-06-05,19.733438129058698,52.4804200255966
2022-06-06,20.534406378446864,49.778758318402964
2022-06-07,21.46326332843488,49.71757047465362
2022-06-08,21.1982226077803,59.979712057924274
2022-06-09,22.172091958669174,52.390689690039714
2022-06-10,23.375400693717992,45.66076167585149
2022-06-11,24.066918065179305,48.153825968106425
2022-06-12,24.869336179513898,44.81521900295997
2022-06-13,25.506665326229154,42.95988523807668
2022-06-14,26.425066726096347,42.47210183204779
2022-06-15,26.8938107101615,42.089519034457894
2022-06-16,27.018881775053657,44.17876469930365
2022-06-17,27.583815315475025,40.431148422079126
2022-06-18,26.23187737032225,40.981039665276164
2022-06-19,21.5756576956795,53.36584920325485
2022-06-20,20.439984425739286,57.94375354405836
2022-06-21,19.839105832536976,56.41686896086472
2022-06-22,18.87577744910815,59.306604087944
2022-06-23,19.058750262098172,60.475352844197495
2022-06-24,19.262708268483525,54.268472187982304
2022-06-25,18.88802585008733,55.407454890430294
2022-06-26,18.335077284590625,53.8096325579724
2022-06-27,17.907241574278977,54.932694699589554
2022-06-28,19.940462225840708,47.94228120071284
2022-06-29,20.36655187822517,50.750054980828196
2022-06-30,19.07116797218526,53.466858232474344
2022-07-01,20.549092759829218,47.778529740507196
2022-07-02,23.32843477350384,51.18178932692297
2022-07-03,23.418977185919047,57.178250902839004
2022-07-04,23.052342882820344,53.25772915590262
2022-07-05,23.412606296221043,54.42021145715526
2022-07-06,22.10436712314291,61.027445928516386
2022-07-07,22.480575293285323,50.42938468787076
2022-07-08,23.62034408506449,45.79538694472409
2022-07-09,24.919803064644935,42.31072001020524
2022-07-10,25.61267948359306,40.419861311092966
2022-07-11,26.25644123553729,40.262638166088564
2022-07-12,27.298496384721943,36.93329391334329
2022-07-13,28.044915281971445,35.63143124668819
2022-07-14,28.20848355054577,34.943315230794916
2022-07-15,27.894004286208958,35.62773643352867
2022-07-16,28.134632507736516,36.000305630704155
2022-07-17,28.347200511960313,35.34486912470531
2022-07-18,27.40061508770764,39.741728387111
2022-07-19,24.905392531233186,46.03434932677954
2022-07-20,24.6672212733249,47.54452686049458
2022-07-21,26.08691664741532,46.9195586846395
2022-07-22,25.543169098775724,48.35975657740668
2022-07-23,25.572510789666442,44.306137797322755
2022-07-24,26.927271271432527,40.34193065617119
2022-07-25,26.06280245291519,43.72270491580417
2022-07-26,24.28229409741714,49.53775510971317
2022-07-27,23.618142581368147,50.09931949096949
2022-07-28,23.89531466261005,51.05740584435839
2022-07-29,24.49322019515039,53.47205287213942
2022-07-30,25.334751641480498,54.12491306175727
2022-07-31,26.10774137921156,52.750581428770595
2022-08-01,26.653488429466474,49.92245749108807
2022-08-02,27.297347993352982,46.04377681820282
2022-08-03,27.09694668068272,47.02458877838763
2022-08-04,25.996561697022575,48.04957944130189
2022-08-05,25.189355113414575,50.82896243096761
2022-08-06,25.300568688879565,49.85258224986604
2022-08-07,25.483072327208273,49.13821548203507
2022-08-08,25.382782701575383,48.11012560639952
2022-08-09,26.191948156553703,47.10936845882983
2022-08-10,26.692868958872058,48.70219512756268
2022-08-11,26.566371010064703,48.14038331403274
2022-08-12,26.79767943270599,46.25114425586628
2022-08-13,25.525567650913953,50.421704255609626
2022-08-14,23.72971572822423,47.07153288065333
2022-08-15,22.54677114950822,48.64085699226528
2022-08-16,21.78891765176523,53.47297001045243
2022-08-17,20.429681595048702,55.16011293469946
2022-08-18,20.07318321484568,52.98315367359803
2022-08-19,22.070210801933623,46.61950161152982
2022-08-20,23.96709380201084,45.35979054906769
2022-08-21,24.600885373398892,46.159229895477516
2022-08-22,24.14656513239359,52.664880084727606
2022-08-23,25.26983202176771,52.57368094051919
2022-08-24,25.72654309943498,54.25933844206681
2022-08-25,24.125045386176254,61.195288038276374
2022-08-26,23.513042821711863,59.721055540806795
2022-08-27,23.404897118529792,56.23855373171735
2022-08-28,24.749676687290727,54.5632967990222
2022-08-29,24.39264648729005,57.416045269164734
2022-08-30,24.038286121426918,57.450095836246994
2022-08-31,22.92507777740535,56.80076766964439
2022-09-01,22.2479850207462,54.43566585456747
2022-09-02,21.984551809379173,55.658283719905675
2022-09-03,20.885558357807014,55.13167615897681
2022-09-04,20.998746880776164,51.05524737814276
2022-09-05,21.559791935895564,51.994298781033
2022-09-06,21.605516284311566,53.33441674693475
2022-09-07,20.546514373878892,52.70983745401074
2022-09-08,21.176115114664903,55.755088292616925
2022-09-09,22.256039267442713,55.82289309302885
2022-09-10,23.164814073626616,52.524620490886996
2022-09-11,24.76065926106082,50.59322500597296
2022-09-12,24.461915614981862,56.78988963587914
2022-09-13,21.457071091587185,71.90496710556754
2022-09-14,20.56329083059647,68.40903792047837
2022-09-15,20.70757545722696,69.34027227202169
2022-09-16,20.403045650410284,66.07951661031976
2022-09-17,19.830297377476064,58.44969636752595
2022-09-18,20.747068465874136,59.35661721282933
2022-09-19,21.228209164363975,61.56962281394086
2022-09-20,20.681550094985404,58.57880115611302
2022-09-21,19.508733377807243,60.572861158555064
2022-09-22,19.53179572883324,60.81532621230783
2022-09-23,19.466478652426723,62.297966762603956
2022-09-24,17.258507317196344,63.80800638670968
2022-09-25,15.363426731003074,62.61640731409537
2022-09-26,15.410079877735932,62.084295257324946
2022-09-27,16.1070551485719,57.5024646209561
2022-09-28,16.90838404406653,60.13614221076897
2022-09-29,14.598606357035232,71.34809105358418
2022-09-30,14.097583363559863,63.08090132146481
2022-10-01,16.289433368158633,56.010791300961195
2022-10-02,18.68789163394172,52.265125345138095
2022-10-03,19.969764675310156,54.01372485392641
2022-10-04,19.95722690393232,55.14466702872863
2022-10-05,19.309762223331074,59.45664532149265
2022-10-06,18.874662550978396,66.83065603800809
2022-10-07,18.51219504456566,67.61536778367416
2022-10-08,18.278226100262696,68.26568621533725
2022-10-09,18.362284178755626,67.46942772232033
2022-10-10,17.668331373558775,77.746379847012
2022-10-11,17.52262845520507,78.30539045255519
2022-10-12,17.2922540256205,72.66669667366281
2022-10-13,17.55068653551216,65.65402172376434
2022-10-14,18.94334351049408,61.557410682012005
2022-10-15,18.579419122842697,60.65229690491566
2022-10-16,18.79450151478721,60.084458131149184
2022-10-17,19.56753303736065,68.65052146984105
2022-10-18,20.38804520374969,62.633653229909015
2022-10-19,19.263185120265856,65.89149039436515
2022-10-20,17.333749307819556,74.36474409275463
2022-10-21,17.023163905823758,76.64071773287588
2022-10-22,17.64002704741716,71.80629208747051
2022-10-23,17.49805298706792,68.59548466028818
2022-10-24,16.940133823705548,68.6713995901092
2022-10-25,18.445677253631718,60.84643425876826
2022-10-26,19.235453644021405,60.17174932336079
2022-10-27,20.51234302134063,50.75486567350044
2022-10-28,19.322762200318746,57.24550071861941
2022-10-29,18.061276220587843,58.99208872857195
2022-10-30,16.041349933407513,73.56649258537844
2022-10-31,15.437622722241512,77.41616692292027
2022-11-01,15.298507614785619,73.85273539598191
2022-11-02,14.566036498575949,73.64031181052526
2022-11-03,13.767410585934241,76.53727028749269
2022-11-04,11.770680821135349,68.10693797052916
2022-11-05,11.931799663845618,60.503665283333554
2022-11-06,12.541236204992636,63.06744465010251
2022-11-07,13.038560645857851,65.25036678646674
2022-11-08,14.25723014132558,73.99266045766525
2022-11-09,13.354377081468519,79.89660925882558
2022-11-10,12.709659051393123,75.77106593216949
2022-11-11,12.643450067679678,74.94463067094253
2022-11-12,14.888974154330038,71.40176279470377
2022-11-13,14.18809672640864,72.10795740176921
2022-11-14,13.100535790230815,80.5593446817165
2022-11-15,14.034012907351118,79.87390618542466
2022-11-16,13.418248676925124,80.92179288249137
2022-11-17,14.218642190882797,78.26937090052114
2022-11-18,9.592410851831419,78.88430310091427
2022-11-19,7.954704370654689,73.22211544135715
2022-11-20,10.360048607207199,78.71702652649005
2022-11-21,10.32150561663423,83.74684059709587
2022-11-22,9.457666772525672,78.01597326271867
2022-11-23,12.833872209119441,78.40771240965199
2022-11-24,11.498058241074146,84.5263928467726
2022-11-25,10.09975685010563,75.67463450832346
2022-11-26,9.64671231017302,66.964366932198
2022-11-27,9.416249790096586,69.21911053423995
2022-11-28,8.79423070650259,71.42368427553704
2022-11-29,8.373323104583633,73.2374811346709
2022-11-30,7.810141309691016,76.6574384761556
2022-12-01,7.369920357612574,76.73573122699138
2022-12-02,6.216802665379446,76.80149518795336
2022-12-03,5.421119317878709,80.79779334060312
2022-12-04,6.420454135517313,83.5382091764301
2022-12-05,7.910078749948031,84.93053515429729
2022-12-06,10.442973177800527,87.86688367603513
2022-12-07,10.080557250611447,86.93645633914637
2022-12-08,10.123508204136689,90.46031968269087
2022-12-09,10.40766649066085,89.64890035992916
2022-12-10,8.166661331961832,78.98591278643737
2022-12-11,7.7994124076213955,88.73631193412781
2022-12-12,10.974375902884908,88.97187389587161
2022-12-13,13.142768926553828,90.42142781509573
2022-12-14,12.308833629717347,84.59842507660626
2022-12-15,10.16419017823218,85.84776073397529
2022-12-16,9.006193783625493,85.60159717829352
2022-12-17,8.416055953078251,85.34212723789788
2022-12-18,9.303915858757867,80.06944869371833
2022-12-19,10.331084948324103,79.04110001992404
2022-12-20,10.882649980511943,82.09762718742168
2022-12-21,11.76493212629726,81.51519839300455
2022-12-22,12.611452555128471,81.87983441671828
2022-12-23,12.627891973601239,78.72255157307781
2022-12-24,11.793948447167118,77.81577229979375
2022-12-25,12.059076748161587,72.90930323954898
2022-12-26,11.800868955094584,74.50255240090475
2022-12-27,10.789736072176174,76.17616691380256
2022-12-28,9.881933319475133,74.11956631090858
2022-12-29,10.301054806346714,80.0126667514142
2022-12-30,12.073892877503136,74.41262423387165
2022-12-31,11.931953231235559,60.839812333637276
2023-01-01,11.78847615749443,59.451777702891235
2023-01-02,9.1033877744633,79.50312684929885
2023-01-03,7.984964789886694,81.52582646082989
2023-01-04,7.994005250835737,78.10439498728888
2023-01-05,7.779144247111845,78.30852159742305
2023-01-06,6.910256235779752,78.73790240408995
2023-01-07,7.691568529242336,79.87643704972321
2023-01-08,11.093423126730999,86.64278488830642
2023-01-09,9.608221973686858,73.50455760515378
2023-01-10,9.102011914171397,77.50717911940966
2023-01-11,8.590703614599759,82.17728561335981
2023-01-12,7.9273206179686495,76.10588458832818
2023-01-13,8.473587268198367,78.69645293611055
2023-01-14,8.640011087612578,75.89059598187319
2023-01-15,7.44033513477136,77.2790713972434
2023-01-16,7.474649084917533,80.05857500006113
2023-01-17,7.5718401152912165,74.8190686196925
2023-01-18,4.165935183904305,70.78824038499224
2023-01-19,4.902286909389111,74.65495564648576
2023-01-20,7.890613484946331,75.01906733946561
2023-01-21,5.521481504643979,69.28667796227107
2023-01-22,3.4924362190461014,54.830282386567546
2023-01-23,2.7790202499495105,62.56774729844738
2023-01-24,2.651613765674916,72.11081368159422
2023-01-25,3.6536716687372404,69.89832258853936
2023-01-26,4.091456348767772,71.26310147724617
2023-01-27,3.9707679945716534,67.73701101211294
2023-01-28,3.6812575246381005,66.76646116656288
2023-01-29,3.058416785986912,68.73302746472682
2023-01-30,3.844956294629796,66.79744714182405
2023-01-31,5.316505871462949,64.58623890029683
2023-02-01,5.912824618817605,66.75286735332999
2023-02-02,6.451627976171404,63.04761975761457
2023-02-03,7.454032193167905,57.000665479125836
2023-02-04,8.070541372165044,50.67527204665282
2023-02-05,7.891098457085558,57.7769976019404
2023-02-06,5.825655753184912,64.39280845006009
2023-02-07,4.546311937479223,76.97142982028558
2023-02-08,6.384896235675849,75.87683737797974
2023-02-09,5.993040879856687,70.4498264630859
2023-02-10,5.3749884072083525,63.81084664192641
2023-02-11,5.8424193070973685,60.891572656299864
2023-02-12,6.672902833769691,61.54168110759931
2023-02-13,7.8900987144753385,63.030573217025825
2023-02-14,8.376029085542603,64.53107749773436
2023-02-15,9.008301848248271,65.53806631013306
2023-02-16,8.86127244735456,63.36412926638938
2023-02-17,9.346460528068624,58.47110230891355
2023-02-18,10.433776752480199,55.880688965614546
2023-02-19,11.417778022013529,59.355590409942245
2023-02-20,12.197736947092478,55.5410163319037
2023-02-21,11.702491630844273,63.96645148802158
2023-02-22,9.958407029458792,75.50056150101013
2023-02-23,6.191351134779128,79.5452169904133
2023-02-24,4.837966178912553,65.64340887594963
2023-02-25,4.7208636294536115,70.34061895615075
2023-02-26,5.511035854880972,66.54782173815626
2023-02-27,2.81271600432123,55.64288881385816
2023-02-28,3.410315925221464,57.11251833072074
2023-03-01,3.0931781860743492,58.54526672353041
2023-03-02,4.031837491205515,58.088763656827744
2023-03-03,5.46602571593647,59.24787469355244
2023-03-04,6.5852844250411,59.396131022113394
2023-03-05,6.601607419637504,67.30361398857953
2023-03-06,9.119675529458748,76.31836884773597
2023-03-07,11.04478637634825,73.19680746959399
2023-03-08,13.767725116975564,74.36254186187436
2023-03-09,13.675535691377382,73.44736033972794
2023-03-10,13.985500934003907,64.53065256381409
2023-03-11,15.068050489505966,69.40157400682965
2023-03-12,16.051928531735985,66.60165243243348
2023-03-13,14.600115835316458,62.14908015354038
2023-03-14,11.524043317729586,56.56188638400144
2023-03-15,12.541715467208304,54.160346403199185
2023-03-16,13.841765998869208,51.33280798108095
2023-03-17,12.405426148698837,64.65406973056146
2023-03-18,11.483045178929501,69.82091494817222
2023-03-19,11.41155987706919,62.381828968107776
2023-03-20,12.063220523477938,55.04113086881725
2023-03-21,12.770382099321582,57.87694885595375
2023-03-22,13.215569637554603,56.226095889465476
2023-03-23,14.270350374961666,52.737000471901325
2023-03-24,13.318347595512991,60.25333516940873
2023-03-25,13.13409810390452,60.103804075682014
2023-03-26,13.625167657412142,52.458188668144395
2023-03-27,12.133827350187829,47.795965928036885
2023-03-28,13.858167497716458,46.18481351076033
2023-03-29,16.190011779429422,44.72368272272826
2023-03-30,15.752701583444614,52.29039485329556
2023-03-31,15.496009186579373,56.26044525286945
2023-04-01,12.75579267624799,60.78088381921892
2023-04-02,11.176203975662354,52.11927734001649
2023-04-03,10.922712615678861,48.831385131196896
2023-04-04,11.410234296873085,47.39882805651555
2023-04-05,11.288460046488643,40.15946786045729
2023-04-06,12.570554936163772,40.52522400679401
2023-04-07,13.556272458935934,41.989085277703
2023-04-08,14.97023840784602,41.03403893421387
2023-04-09,15.53658492649152,45.610799966715575
2023-04-10,16.13261106863231,48.33767726681375
2023-04-11,15.764357814280077,53.47106670888916
2023-04-12,13.029946436681973,60.48689750498867
2023-04-13,10.484131747058838,54.8327386817865
2023-04-14,13.102047428265365,58.178286534497396
2023-04-15,14.459969035971582,54.83466435970512
2023-04-16,14.384417116168708,46.03227705666433
2023-04-17,13.949283393629791,43.65912314182528
2023-04-18,13.612795421066076,48.71363887695841
2023-04-19,15.02939209171066,48.303776563947
2023-04-20,15.841578391453838,47.316356169498114
2023-04-21,15.446453216974739,55.89810632620194
2023-04-22,14.299388202541508,64.08905752790831
2023-04-23,15.068323577563115,60.46988168616112
2023-04-24,16.564888090966125,57.955480196418584
2023-04-25,18.24647931018401,55.021232153810956
2023-04-26,19.177997016218843,53.615174062963554
2023-04-27,20.402988634139543,48.103843096174394
2023-04-28,20.882479538570784,48.19795322380398
2023-04-29,19.265509641354175,59.64038936218886
2023-04-30,17.382846944209795,59.83389250227436
2023-05-01,17.098694170945468,51.50321731297793
2023-05-02,18.316985794709698,41.7320233749242
2023-05-03,19.642056343131557,40.0105382605145
2023-05-04,17.681080893170208,52.090235016116424
2023-05-05,17.763040323556954,49.625859161810645
2023-05-06,18.032990947703624,52.29030988178605
2023-05-07,17.805198090460834,57.48322997978331
2023-05-08,18.355143835749974,50.04344416396224
2023-05-09,18.36463679229479,57.22333042604185
2023-05-10,16.20181071980593,51.28567560741274
2023-05-11,14.64263724091406,54.537581810046305
2023-05-12,13.292463283344212,58.93360057911922
2023-05-13,13.092162638315221,57.5304136438634
2023-05-14,14.270600124127206,56.920269760846814
2023-05-15,14.737462812737549,53.03447148664543
2023-05-16,14.570827359658715,47.42911606540244
2023-05-17,14.473466100981794,44.24790200866966
2023-05-18,13.783263222461224,51.8099361602564
2023-05-19,13.679905829962726,55.065690805642305
2023-05-20,13.96292673299061,57.083798765897946
2023-05-21,14.509379126602076,60.191608255673124
2023-05-22,15.265569369473484,68.88030979221305
2023-05-23,16.142080511124785,73.98512193602907
2023-05-24,16.814216631468792,69.20162610835469
2023-05-25,16.318493178949392,66.43039718403404
2023-05-26,16.419784332745003,69.78793428452506
2023-05-27,17.775684732788488,67.38237724291466
2023-05-28,17.460421422763908,73.98448854642558
2023-05-29,17.629055372078852,69.3224961619493
2023-05-30,17.660421702657047,69.96661944400913
2023-05-31,18.15600966868418,67.57859753255218
2023-06-01,17.66575611787795,71.46322522872178
2023-06-02,17.964844335092504,68.98605238093752
2023-06-03,18.320195613022946,69.52609043011951
2023-06-04,18.855298543038767,67.83339621945866
2023-06-05,19.523626132143082,67.67910965592313
2023-06-06,20.491588794188505,61.40626580915483
2023-06-07,19.01277711357213,77.18057677428565
2023-06-08,19.28739658141733,76.67968168091942
2023-06-09,19.68062033006789,70.23252905247995
2023-06-10,20.26867904986142,64.26805817686777
2023-06-11,20.27992990600179,66.00296331559117
2023-06-12,20.135222511330593,67.12008376847557
2023-06-13,18.98540783711593,70.10151702934935
2023-06-14,19.891896539051157,60.79465320709651
2023-06-15,21.6886449575855,52.0632365554329
2023-06-16,23.208361755825987,50.14020808866014
2023-06-17,23.731227630939596,54.36975615172767
2023-06-18,21.833400535726444,60.06870221561267
2023-06-19,21.44709956289284,63.39800925965476
2023-06-20,21.14640139739467,65.10050761099738
2023-06-21,20.778369752237115,69.1437258639603
2023-06-22,21.422957425438174,60.14460492493772
2023-06-23,23.283796368022877,53.25468015572212
2023-06-24,24.852683544440172,48.581679160345544
2023-06-25,25.61985019527346,49.740094450773796
2023-06-26,25.086729969072124,53.154398446123224
2023-06-27,24.103937079895022,54.397972002150475
2023-06-28,24.013411638900738,54.64074872477101
2023-06-29,22.606060428248878,59.09062943593369
2023-06-30,20.717958929288162,56.22294237989922
2023-07-01,22.351546020732304,55.637190397543264
2023-07-02,23.750131649849106,56.441659232880774
2023-07-03,23.721218057562748,57.286495276664546
2023-07-04,23.207725601374335,53.93719266799573
2023-07-05,22.655747862464594,55.69740567495614
2023-07-06,23.09209225139429,57.84450316016512
2023-07-07,23.63025481118512,54.60652815244538
2023-07-08,23.42201464881401,51.26511715140233
2023-07-09,24.19499802510987,50.3103893920117
2023-07-10,25.929897111086884,48.07751287224619
2023-07-11,26.452415707393296,48.81842322482472
2023-07-12,24.638784400644468,50.974614979146374
2023-07-13,24.1499349663638,50.886131760621566
2023-07-14,25.221658907711255,49.54472498865621
2023-07-15,23.17591014594198,53.83881325687992
2023-07-16,22.61980682346662,51.51649284336546
2023-07-17,25.430946259322184,50.455228280440416
2023-07-18,27.23734825879092,46.58817343233608
2023-07-19,26.37544744564856,48.09727501501528
2023-07-20,24.35152067998837,50.92192746938877
2023-07-21,22.671826787241127,51.60230969148719
2023-07-22,22.846715983787643,52.10172233210176
2023-07-23,24.358285099301483,51.21698084868314
2023-07-24,23.17719174496897,52.51748954387988
2023-07-25,21.360129486900675,49.65158921695786
2023-07-26,22.57189159994452,49.94806248990193
2023-07-27,23.601509593514816,54.61674772293646
2023-07-28,23.4646856425139,52.56000461901791
2023-07-29,24.68839126444266,52.750315767163585
2023-07-30,24.68204168853862,52.0670042025555
2023-07-31,24.623831870329372,49.22611691292375
2023-08-01,24.631017606588703,49.439928503170506
2023-08-02,24.866027464342665,53.20132533779756
2023-08-03,22.05415934374835,51.78457747076095
2023-08-04,20.1944671734121,49.10311782193353
2023-08-05,21.89209259692271,42.73947943663922
2023-08-06,23.24418262989687,43.58059421207403
2023-08-07,23.51070656774708,43.89602993379608
2023-08-08,25.780066712000508,47.321988357713415
2023-08-09,27.355479120923416,48.58374942686061
2023-08-10,26.868852122776058,45.1652159419345
2023-08-11,26.502320217351695,43.40479957352944
2023-08-12,25.69453269818061,50.56263513668504
2023-08-13,25.091413789095828,52.94391995250533
2023-08-14,24.675172128196053,50.44635877945586
2023-08-15,24.381336491307668,50.9832854415534
2023-08-16,24.55961679579907,52.984516939818405
2023-08-17,24.960248495384906,49.820968459883495
2023-08-18,25.555587490379807,46.81979603943876
2023-08-19,26.097425238910017,48.81653264333867
2023-08-20,27.130704974279897,49.432809446553534
2023-08-21,28.0824772487999,46.280663404938736
2023-08-22,28.54021574949866,43.27254358207762
2023-08-23,29.250629057579456,39.00733271747533
2023-08-24,28.29312698709879,40.11263223844086
2023-08-25,26.020834126460553,45.86433376022702
2023-08-26,22.98638000907079,54.801074040986066
2023-08-27,18.49211826618666,55.29716233269309
2023-08-28,19.754257402859228,51.717973252774186
2023-08-29,20.36107803308971,51.81724143466031
2023-08-30,20.12580736987267,54.393164626455906
2023-08-31,21.311379191417988,53.107494993008004
2023-09-01,22.35669583343889,55.248640966481
2023-09-02,18.95395167406429,75.52220216345505
2023-09-03,19.230429827725224,79.38095664097442
2023-09-04,21.926918345611966,67.17693895710859
2023-09-05,22.131046515084524,62.140269122383735
2023-09-06,22.671755624252494,60.733825613888136
2023-09-07,23.213406086226698,62.21815261719442
2023-09-08,23.03757424131501,62.170646962403026
2023-09-09,22.35268947175513,65.62678938897356
2023-09-10,22.127820827630256,65.28710894678339
2023-09-11,21.39840525819463,68.0368520122005
2023-09-12,20.625678238005978,69.84965675477599
2023-09-13,20.656587545008048,66.57128928053736
2023-09-14,21.741529048262905,66.28853409231844
2023-09-15,20.697440691845994,76.0505650575601
2023-09-16,19.715884697024727,73.60710292085193
2023-09-17,19.419066717383632,72.82727271365046
2023-09-18,18.792799788121258,67.51846115026952
2023-09-19,18.77794686959061,67.56511786975979
2023-09-20,18.806353608942718,64.91831623996141
2023-09-21,17.237197953812117,70.8906243016584
2023-09-22,15.862311915087014,64.02885303224942
2023-09-23,16.525146385521627,59.2409323601801
2023-09-24,18.787240065052405,55.3531708914709
2023-09-25,19.92577753909176,56.14627127721945
2023-09-26,20.282704094914948,60.445882862005654
2023-09-27,20.812040941116216,59.992026117152676
2023-09-28,21.153086906839466,59.028433502014245
2023-09-29,22.044593645412903,58.808207396744685
2023-09-30,22.949324415310006,54.64706894975489
2023-10-01,23.102255259206856,51.61274610820811
2023-10-02,22.564521540677138,52.73158886605733
2023-10-03,21.014939510204016,61.57392993013419
2023-10-04,21.295640831047034,62.31930388088163
2023-10-05,21.450462934736322,58.96123373235262
2023-10-06,22.017021840184828,54.62129362245846
2023-10-07,22.234858403907438,51.955745693501065
2023-10-08,21.63963704165408,52.87202055469178
2023-10-09,20.69120090857233,52.935244257837304
2023-10-10,19.936931475165313,53.121999781711416
2023-10-11,19.8167315573823,53.23415103854304
2023-10-12,20.2623461122023,51.89511426309804
2023-10-13,19.52502202060137,59.2712880098693
2023-10-14,18.18516937514411,72.64878719450007
2023-10-15,16.89997702671049,75.29309288069372
2023-10-16,17.750651617792332,77.86253616791733
2023-10-17,19.60450585397307,70.71993955037392
2023-10-18,18.709582136557128,72.05821689069695
2023-10-19,15.608100221591352,81.15969662661598
2023-10-20,13.34438497497638,72.22900143058692
2023-10-21,12.182218016411412,68.63546892331239
2023-10-22,12.650211028179626,72.19219069936682
2023-10-23,13.750458705124755,81.28820352006393
2023-10-24,12.772441486342936,74.75076507147674
2023-10-25,15.61651655403256,78.1031473918408
2023-10-26,15.502685373445388,81.2582436840844
2023-10-27,13.445111661179425,71.73172806770184
2023-10-28,14.60421033671905,72.40738330432939
2023-10-29,14.472912129717725,75.60783263589418
2023-10-30,12.742100736965407,75.17274396999629
2023-10-31,11.729143357402533,73.01434968289033
2023-11-01,13.329505216371977,74.97515703059359
2023-11-02,12.557877930646379,76.7281971259553
2023-11-03,10.58936938150092,73.16582286141796
2023-11-04,13.16511033661566,76.15037065840274
2023-11-05,11.723034244926453,68.1658497149165
2023-11-06,9.605947077175097,69.82333941826003
2023-11-07,8.378606046190088,72.0399195486306
2023-11-08,9.62243079668399,75.1442202401635
2023-11-09,11.665731624327242,75.64032991873049
2023-11-10,12.07333663081168,75.89091656494625
2023-11-11,14.857072664570829,81.38699159853321
2023-11-12,15.838830857367354,74.50032197343509
2023-11-13,16.040274236883022,75.34152004108407
2023-11-14,15.74882374555038,72.64259718110242
2023-11-15,15.003619344617134,77.11225415638312
2023-11-16,14.77286835602744,77.60004448863532
2023-11-17,13.682312814575612,75.25072915572714
2023-11-18,13.961858113476,74.20141647120654
2023-11-19,13.728727329506889,74.24964486791262
2023-11-20,11.955541249216921,78.7369312547331
2023-11-21,9.982816098219642,72.42434071621784
2023-11-22,9.426051935329973,65.50256467179084
2023-11-23,9.002474444042946,59.53011952950919
2023-11-24,9.683559029576804,63.10283826411213
2023-11-25,9.782514512009959,67.20958807980908
2023-11-26,8.983215861760632,71.40172475379741
2023-11-27,9.603409889305409,77.22882212133821
2023-11-28,11.350750695704763,81.7703046752903
2023-11-29,12.780970854751542,83.91426157251108
2023-11-30,12.582249783316408,85.4872651275568
2023-12-01,8.885146608341913,80.4327291238498
2023-12-02,6.740019958338869,76.82613716158443
2023-12-03,6.044497804518076,74.3955687434702
2023-12-04,7.891469313944346,80.48221278400682
2023-12-05,6.464029911374722,78.27570907172645
2023-12-06,6.9515650070916,80.3318543080277
2023-12-07,8.635403426063908,84.69886302239748
2023-12-08,9.346856857703573,76.7162802801655
2023-12-09,10.879219930964636,80.24330222193764
2023-12-10,13.03166285137002,81.79693063171428
2023-12-11,13.169820939153881,74.58590232469795
2023-12-12,12.468892577083308,78.17561251736005
2023-12-13,9.101605741517448,73.69116872815361
2023-12-14,7.7849438330609155,70.36761042940597
2023-12-15,8.541292445310097,72.66805703694027
2023-12-16,7.3480684385026285,70.96286049631487
2023-12-17,6.512302195945607,72.2343923430329
2023-12-18,6.097213351688247,70.35922552253653
2023-12-19,6.124380729542119,67.11886949057167
2023-12-20,7.002425814726458,73.47554968805494
2023-12-21,8.174948383288296,73.68713396222422
2023-12-22,9.129404613446948,71.51628730713156
2023-12-23,7.856110586080852,74.45978372930428
2023-12-24,6.992155169883378,76.23806017901234
2023-12-25,6.500598493096473,73.97797302465467
2023-12-26,5.985086268555208,73.32899104603429
2023-12-27,6.422627633614437,69.44083466863846
2023-12-28,7.1815254350999025,74.19979144393619
2023-12-29,8.24602247110956,75.97413532326372
2023-12-30,8.629707605372433,75.0751081202936
2023-12-31,8.035434743122908,75.51009089110116
2024-01-01,7.750315057884831,72.07734611755517
2024-01-02,9.161750613627147,73.37015536241233
2024-01-03,10.827466089166192,79.05449154087037
2024-01-04,9.291612976443783,84.83229981311449
2024-01-05,6.750991777759907,80.53073533221509
2024-01-06,5.735648565711954,74.57169664016584
2024-01-07,5.117723420347434,70.91320676830348
2024-01-08,3.956332265083505,70.14153571655912
2024-01-09,5.056798513069548,80.10477872230594
2024-01-10,5.784306463259874,88.93439428770195
2024-01-11,4.786799720989244,81.27968407192883
2024-01-12,4.738311155977286,76.71276186295663
2024-01-13,7.225161751865472,72.95854895329121
2024-01-14,10.24036275775791,75.53930829106135
2024-01-15,11.872996281462735,85.71725497100027
2024-01-16,12.333087164203427,80.01371860248436
2024-01-17,12.510211231791338,77.1492630347115
2024-01-18,11.57797866751996,76.01046222568108
2024-01-19,6.43679162606205,81.56737617761021
2024-01-20,5.014385930691836,74.54818591707179
2024-01-21,7.0254078013536665,75.29256834418207
2024-01-22,8.883019945605675,77.35241173188881
2024-01-23,11.710397581545315,78.14821950844349
2024-01-24,12.50346081581054,73.00422710575815
2024-01-25,12.841275294547827,68.29733505367678
2024-01-26,12.255769077223533,67.82467583390108
2024-01-27,12.169608649665518,66.29587015859725
2024-01-28,11.521933987082663,68.81768476730228
2024-01-29,10.953641928927647,73.00002382591165
2024-01-30,10.122478133269405,77.32462089301072
2024-01-31,9.786661761173244,75.1759407760413
2024-02-01,9.792621824747918,70.63926430050994
2024-02-02,10.092980439329985,70.94066702392193
2024-02-03,10.241803572363134,68.39655446740151
2024-02-04,10.478205146058087,67.16817100999948
2024-02-05,10.001400851786705,68.0954425013618
2024-02-06,10.246245769806436,70.57556720688264
2024-02-07,9.826157882374252,74.29160341333859
2024-02-08,11.008903506536145,68.11595696997459
2024-02-09,10.435821630462732,86.2399084025907
2024-02-10,7.8776151463443895,73.688590356889
2024-02-11,7.325900110142847,75.57675831149679
2024-02-12,11.292420180307543,74.23272011540423
2024-02-13,12.63276032169928,76.34937576185064
2024-02-14,13.637613888555075,73.47738917224936
2024-02-15,13.279370684542227,73.26425084141741
2024-02-16,10.396689947679535,77.5296322361499
2024-02-17,10.366012487411687,67.66873151132734
2024-02-18,11.108762336997449,66.20727828161833
2024-02-19,11.961091770103238,68.20512184265503
2024-02-20,11.64573877720214,58.89465706148994
2024-02-21,10.919311282896528,62.16953664358877
2024-02-22,11.217981562165512,70.07168209882202
2024-02-23,7.321442538837253,68.13585205004588
2024-02-24,7.052861646015291,68.44996267343235
2024-02-25,9.408775915153479,79.87920031322174
2024-02-26,7.921768564901689,74.33760693185278
2024-02-27,7.087021449023155,63.31285247852691
2024-02-28,8.109817437772033,63.14822612524828
2024-02-29,8.540517674098579,68.69339430771866
2024-03-01,7.586475227440936,64.60397473367362
2024-03-02,6.866352676663602,77.29857809432382
2024-03-03,6.081812053404594,71.02615533029176
2024-03-04,8.661275503849392,74.80686559679698
2024-03-05,8.399857758550993,64.43179150679029
2024-03-06,8.49209723485742,63.30948916442162
2024-03-07,8.901936505062041,71.8531307400393
2024-03-08,7.758271954272481,74.1123057317261
2024-03-09,6.959754717702695,80.8893725757385
2024-03-10,8.381257613460223,75.30930815283939
2024-03-11,9.073504176237416,68.27683479520005
2024-03-12,10.190938349299339,64.93648155516026
2024-03-13,11.687674233519957,59.64787178955414
2024-03-14,12.149597724676157,68.91764042282804
2024-03-15,13.332032188827448,71.0245981938846
2024-03-16,13.90774536736217,68.53175659254428
2024-03-17,15.583927508822391,64.72221221316828
2024-03-18,15.728796236562857,64.67455816768349
2024-03-19,16.052198822198786,62.98433697200068
2024-03-20,14.872356622221686,67.90068884239938
2024-03-21,15.841444346520555,65.28744569218422
2024-03-22,17.42310072641256,55.75118427599096
2024-03-23,15.400903831565303,58.237250900511945
2024-03-24,13.068777478474024,60.13864048023396
2024-03-25,10.238390482140778,82.46271850519852
2024-03-26,6.991829690370679,72.92176462825603
2024-03-27,9.155429229213047,72.64801318236955
2024-03-28,11.287161684462058,73.53548185730715
2024-03-29,9.831945474183277,77.7171391605229
2024-03-30,8.616613566149955,77.8960869293998
2024-03-31,8.169329189655501,81.2202360271564
2024-04-01,9.311920318926775,67.97559102361747
2024-04-02,10.292870331350946,67.80833880933025
2024-04-03,13.560831814760341,64.91621291069492
2024-04-04,14.604396273112522,60.195004758884515
2024-04-05,17.037034355023966,49.93261774459237
2024-04-06,17.535611922958655,51.95290558362714
2024-04-07,16.641317398079163,63.418664482135405
2024-04-08,13.280031607762268,68.76794565011278
2024-04-09,10.380103427829873,56.072913553027824
2024-04-10,12.088453692481828,53.635998340143495
2024-04-11,15.187817851662514,53.102405392583535
2024-04-12,16.62484459050804,49.01944987467143
2024-04-13,18.00126412631541,47.54369190689413
2024-04-14,18.153187555314528,48.83706116197097
2024-04-15,16.744990190804582,56.43000868362673
2024-04-16,15.207287090410178,57.954821702663054
2024-04-17,13.688453186702603,59.66451431453799
2024-04-18,12.944471946375716,59.28425365126424
2024-04-19,13.281883324205607,53.60292196684469
2024-04-20,14.062895572360645,53.79852848953698
2024-04-21,13.167008929586551,52.99031441895236
2024-04-22,11.219794391988371,50.67149765957172
2024-04-23,9.548777303431425,54.745203044276245
2024-04-24,10.64649590296243,50.07152779848502
2024-04-25,11.61533328459381,61.30535929461063
2024-04-26,11.606534617009261,68.68643689486966
2024-04-27,11.219342188588973,72.43138000846898
2024-04-28,10.653299104317894,67.073835432108
2024-04-29,10.872291127749264,69.92454240196774
2024-04-30,11.851837199714119,68.71087371354007
2024-05-01,9.978563312556085,68.32466864689796
2024-05-02,9.897738108076776,59.967031207653385
2024-05-03,11.962191565848507,57.625859211414216
2024-05-04,15.825435774127461,55.68118265599464
2024-05-05,15.585971311131933,66.87283564066306
2024-05-06,14.585180402926147,63.91177923521152
2024-05-07,14.169540011820251,57.777849903531056
2024-05-08,15.965357044182952,50.3261752928396
2024-05-09,17.043677252459872,47.12784653846342
2024-05-10,18.539486385115204,45.539767261992466
2024-05-11,18.452851681196552,50.50866667649598
2024-05-12,17.546840830046015,56.88196245245814
2024-05-13,17.38175308520285,61.60778289462305
2024-05-14,14.284737848429208,65.20791962975774
2024-05-15,12.770967591554623,59.65141261657388
2024-05-16,12.803646695001538,60.55184243534796
2024-05-17,14.215478488955492,66.1376780251514
2024-05-18,14.192448136411947,64.26698637844682
2024-05-19,14.161936004942028,68.96883359974362
2024-05-20,14.089620744143458,64.52533056412959
2024-05-21,14.390058423000774,64.24275767768209
2024-05-22,14.749278336181048,59.84080980615522
2024-05-23,15.24465963280329,55.6992700185614
2024-05-24,16.838307652038257,53.865939165373824
2024-05-25,18.322839083003473,52.16510883941618
2024-05-26,18.334701702027736,56.68745347195786
2024-05-27,18.08264965227833,57.45500846283085
2024-05-28,19.151822446217796,52.83206556786083
2024-05-29,20.74219646547296,50.26949962617476
2024-05-30,20.709127838957162,54.00097668044621
2024-05-31,18.66372009609563,52.20654956089904
2024-06-01,17.653244306804094,55.431829278858736
2024-06-02,17.936481959652003,54.580272402892376
2024-06-03,18.99843783208177,55.09921932872114
2024-06-04,20.085935887505773,52.04167967189695
2024-06-05,21.48907585713337,49.47985125188661
2024-06-06,22.923792768429994,47.25601121696344
2024-06-07,23.12077870964386,51.54086285740672
2024-06-08,20.208404799683205,66.9821757358783
2024-06-09,17.785805065877696,69.3797180615431
2024-06-10,17.303182985596845,66.2835140738203
2024-06-11,16.679278944726814,66.27697961699421
2024-06-12,16.565064765436396,63.378601263060034
2024-06-13,17.70771470499642,54.05347917555769
2024-06-14,20.43278518281161,52.63238144778891
2024-06-15,19.194322506617496,51.05766003294576
2024-06-16,19.34040725386912,52.990998719719904
2024-06-17,20.740354353628103,54.02277110597736
2024-06-18,19.758744042263775,63.26635762087096
2024-06-19,18.312787001338965,63.64344773254387
2024-06-20,17.10202206220863,69.53480610895522
2024-06-21,18.720098032603673,56.52842215965352
2024-06-22,20.07961609709359,53.899444309495266
2024-06-23,21.190300352415942,57.23639285364845
2024-06-24,22.198940195803292,54.705552537915594
2024-06-25,23.047286722430503,56.23897696379814
2024-06-26,23.030193769683862,60.49349907850476
2024-06-27,22.730503679835348,60.33421368555266
2024-06-28,21.303726988522733,65.42301800042482
2024-06-29,18.94527688754956,73.71596264303813
2024-06-30,20.27065061523194,65.93689692606986
2024-07-01,20.090088769812773,60.67365503026267
2024-07-02,21.14479607723161,54.498023336768945
2024-07-03,22.421423688090897,44.54392798391968
2024-07-04,23.71428552520193,46.06002879820702
2024-07-05,24.590467447937385,49.063896524140375
2024-07-06,20.76655794625906,62.68875512201427
2024-07-07,20.028296728640854,56.859453754973266
2024-07-08,21.954233365982063,52.13677007550269
2024-07-09,22.668668978881048,54.83613808563999
2024-07-10,24.136964344622825,54.380331259561224
2024-07-11,25.181342578129264,53.45870134261713
2024-07-12,22.648386176726586,53.390566734654215
2024-07-13,21.963744857091424,53.749310871141965
2024-07-14,23.02294346559842,48.87264673363575
2024-07-15,22.765332573881143,53.5087235144377
2024-07-16,22.44971140777955,51.48384239246215
2024-07-17,23.866406869966653,49.76329358378811
2024-07-18,25.285127285703965,48.070080874745194
2024-07-19,26.642908903650152,43.88521888724386
2024-07-20,25.1101976324654,49.526494588504654
2024-07-21,22.146501197329783,49.11468191574667
2024-07-22,23.25855018911565,44.84624413223704
2024-07-23,26.05792691724073,43.692857127573824
2024-07-24,26.871868756018486,44.276942203012965
2024-07-25,26.012234226808946,47.78797764898818
2024-07-26,25.42320382046916,51.477456093902845
2024-07-27,25.61044205150918,52.35279221467849
2024-07-28,26.82402831913403,47.929706917502045
2024-07-29,27.734632755657344,46.83165775903564
2024-07-30,27.845597215589958,44.228681188036056
2024-07-31,27.073300566984415,44.70616546138018
2024-08-01,26.257451917088105,48.870701271386025
2024-08-02,24.147180727862835,55.61131924644433
2024-08-03,24.45620636748603,50.35646342675299
2024-08-04,25.50905515135449,46.86884832377212
2024-08-05,26.08047097842859,48.43093132367753
2024-08-06,25.703264206733653,51.1836041322423
2024-08-07,25.620123553920298,51.11206907471428
2024-08-08,26.160341025966392,49.86570519097807
2024-08-09,26.86942626806604,48.24173203142944
2024-08-10,27.859975894294127,43.707492671267396
2024-08-11,27.878852320472717,42.5176113466685
2024-08-12,26.00483445407961,52.229517022669604
2024-08-13,23.364607724713782,60.53922120764227
2024-08-14,21.676160889190214,60.4361562896315
2024-08-15,21.732948609402133,52.37269928015075
2024-08-16,23.27365532114845,47.7590123521834
2024-08-17,24.567810889712273,49.15381251141318
2024-08-18,24.284376529342428,55.077421816897676
2024-08-19,23.864642817467768,49.16278724129129
2024-08-20,23.923660918287442,50.718853803811534
2024-08-21,24.5067669868331,55.124352199399176
2024-08-22,24.788636234745905,54.62437261520329
2024-08-23,24.836673680043404,53.16602274728402
2024-08-24,24.73184559026365,54.672562746757485
2024-08-25,22.66551842993748,59.87211211466934
2024-08-26,23.066270455325988,57.4462162969088
2024-08-27,24.49536281302603,53.99373686850117
2024-08-28,24.43945922877481,56.89270387748615
2024-08-29,23.41800070599967,67.84690628708606
2024-08-30,23.352922134365173,67.3368889221433
2024-08-31,23.551437195849758,68.6961152487463
2024-09-01,23.220748871527388,66.78764746632153
2024-09-02,22.416437325078405,67.98764063597675
2024-09-03,20.711675515980946,70.48961379552185
2024-09-04,19.388757969103427,67.13564481529336
2024-09-05,18.453116077052005,64.19971849479381
2024-09-06,18.610583478390826,62.98835273354777
2024-09-07,19.13676888769388,57.003720016644046
2024-09-08,19.22150951595603,61.06760519597868
2024-09-09,19.232584080893584,57.77147678102698
2024-09-10,19.676925263240392,57.97352426858726
2024-09-11,19.072790879854047,59.85766686187166
2024-09-12,18.67521558510185,63.73655912607643
2024-09-13,17.05133999220939,56.45581955187419
2024-09-14,17.667016020610713,53.232988444492435
2024-09-15,18.818146412796263,47.74328070948618
2024-09-16,19.135214565447296,44.677013767135634
2024-09-17,18.150411924319272,56.69756856597994
2024-09-18,18.45422513329732,65.22110696267218
2024-09-19,18.591907656702414,72.22351129579515
2024-09-20,18.256460337265207,76.85943874190498
2024-09-21,18.345715542384937,79.75876016082171
2024-09-22,18.01331088745309,72.44042065435661
2024-09-23,17.312343922671896,65.15409893390391
2024-09-24,16.961295113841004,66.40093822942204
2024-09-25,18.864758486893916,72.20770975327014
2024-09-26,19.714083083121043,70.30779400870864
